match_id,date,round,team,opponent,venue,result,goalkeeper,match_name,player_id,shirt_number,listed_position,accurateBackZonePass,accurateChippedPass,accurateFwdZonePass,accurateGoalKicks,accurateKeeperSweeper,accurateKeeperThrows,accurateLaunches,accurateLayoffs,accurateLongBalls,accuratePass,accurateThrows,aerialLost,aerialWon,attAssistOpenplay,attBxCentre,attCmissRight,attCorner,attFreekickGoal,attFreekickTotal,attGoalHighLeft,attHdMiss,attHdTotal,attIboxMiss,attLgRight,attMissRight,attOboxGoal,attRfGoal,attRfTotal,attemptedTackleFoul,attemptsConcededIbox,attemptsConcededObox,attemptsIbox,attemptsObox,backwardPass,ballRecovery,bigChanceCreated,bigChanceSaves,blockedPass,carries,challengeLost,cleanSheet,diveSave,divingSave,duelLost,duelWon,effectiveClearance,effectiveHeadClearance,errorLeadToGoal,errorLeadToShot,finalThirdEntries,finalThirdEntriesOpenPlay,formationPlace,fouls,fwdPass,gameStarted,gkSmother,goalKicks,goals,goalsConceded,goalsConcededIbox,goalsConcededObox,goodHighClaim,headClearance,headPass,keeperPickUp,keeperThrows,lastManTackle,leftsidePass,longPassOwnToOpp,longPassOwnToOppSuccess,lostCorners,minsPlayed,offtargetAttAssist,ontargetAttAssist,ontargetScoringAtt,openPlayPass,ownGoalsConceded,passesLeft,passesRight,penAreaEntries,penAreaEntriesOpenPlay,penGoalsConceded,penaltyConceded,penaltyFaced,penaltySave,possLostAll,possLostCtrl,possWonDef3rd,possWonMid3rd,progressiveCarries,punches,putThrough,rightsidePass,savedIbox,savedObox,saves,secondGoalAssist,shotCreated,shotOffTarget,standCatch,standSave,successfulFinalThirdEntries,successfulFinalThirdEntriesOpenPlay,successfulFinalThirdPasses,successfulOpenPlayPass,successfulPenAreaEntries,successfulPenAreaEntriesOpenPlay,successfulPutThrough,timesTackled,totalAttAssist,totalBackZonePass,totalChippedPass,totalClearance,totalContest,totalFinalThirdPasses,totalFwdZonePass,totalHighClaim,totalKeeperSweeper,totalLaunches,totalLayoffs,totalLongBalls,totalPass,totalScoringAtt,totalSubOff,totalSubOn,totalTackle,totalThrows,touches,touchesInFinalThird,touchesInOppBox,turnover,unsuccessfulTouch,wasFouled,winningGoal,wonContest,wonCorners,wonTackle,yellowCard,expectedGoalsConceded,expectedGoalsNonpenaltyConceded,expectedGoalsontargetConceded,expectedGoalsontargetNonpenaltyConceded,team_id,goalkeeper_identity_method,source_ma2,source_ma12,source_last_updated,source_opta_player_id,source_opta_player_name,canonical_player_id,canonical_player_id_status,identity_correction_source,source_opta_goalkeeper_full_name,derived_pass_completion_pct,derived_long_pass_completion_pct,derived_goal_kick_completion_pct,derived_saves_per90,derived_xgot_minus_non_own_goals_conceded,xg_zero_fill_fields,diveCatch,attMissLeft,dispossessed
58gq4gre01laikpidgbf9i044,2026-04-10,1,Víkingur R,Breidablik,H,1-1,Ingvar Jónsson,I. Jónsson,5ghzqanbf8v432ekwypz71exh,1,Goalkeeper,25,2,1,1,,5,2,,4,26,,,,,,,,,,,,,,,,,,,,2,1,,,,10,,,,4,,,,,,,,,,,4,4,1,,18,1,,1,,1,1,,1,,,7,5,,10,7,1,,90,,,,34,,1,1,1,1,,,,,10,10,2,,1,,,8,,,,,,,,,1,1,1,25,,,,0,,29,3,,,4,7,1,,10,,13,36,,,,,,42,,,,,,0,,,,,0.947900,0.947900,0.994300,0.994300,7gmdb4hmtrz199zv9r66qy9qp,lineup_position,vikingur_r_breidablik_2026_04_10_ma2.json,vikingur_r_breidablik_2026_04_10_ma12.json,2026-09-06T22:48:32Z,5ghzqanbf8v432ekwypz71exh,I. Jónsson,5ghzqanbf8v432ekwypz71exh,as_supplied_by_opta,,Ingvar Jónsson,72.22,30.77,100.0,0.0,-0.0057,,,,
58gq4gre01laikpidgbf9i044,2026-04-10,1,Breidablik,Víkingur R,A,1-1,Anton Ari Einarsson,A. Einarsson,9zzg49vnaufp7j6yj7pcg6sb9,1,Goalkeeper,22,6,6,1,2,6,7,,15,28,,,,,,,,,,,,,,,,,,,,11,4,,,,11,,1,,10,,,,1,,,1,,1,,6,4,1,,31,1,,4,,1,,1,1,,,10,6,,6,14,6,1,90,,,,32,,3,1,,,,,,,15,15,,,4,,,6,4,2,6,,,,,,3,2,3,24,,,,0,,29,9,1,,6,14,1,2,14,,30,43,,,,,,58,,,,,,0,,,,,2.125500,2.125500,2.152100,2.152100,c6hu27u143y4z4te8b4036bae,lineup_position,vikingur_r_breidablik_2026_04_10_ma2.json,vikingur_r_breidablik_2026_04_10_ma12.json,2026-09-06T22:48:32Z,9zzg49vnaufp7j6yj7pcg6sb9,A. Einarsson,9zzg49vnaufp7j6yj7pcg6sb9,as_supplied_by_opta,,Anton Ari Einarsson,65.12,50.0,25.0,6.0,1.1521,,,,
5954hehzan6m0twb25nis6y38,2026-04-12,1,KR,Keflavík,H,3-2,Arnar Freyr Ólafsson,A. Ólafsson,civvv5ns1omb20m4omsdoiklx,1,Goalkeeper,11,,,,,,,,,11,,,,,,,,,,,,,,,,,,,,,,,,,1,,,,2,,,,,,,,,,,,,1,,7,1,,,,,,,,,,,,,2,,,,11,,,,10,,,,,,,,,,,,1,,1,,,2,,,,,,,,,,,,10,,,,0,,11,,,,,,,,,,,11,,1,,,,11,,,,,,0,,,,,0,0,0,0,629yaod9sjr350jvivp78vwfz,lineup_position,kr_keflavik_2026_04_12_ma2.json,kr_keflavik_2026_04_12_ma12.json,2026-09-06T22:48:31Z,civvv5ns1omb20m4omsdoiklx,A. Ólafsson,civvv5ns1omb20m4omsdoiklx,as_supplied_by_opta,,Arnar Freyr Ólafsson,100.0,,,0.0,0.0,expectedGoalsConceded|expectedGoalsNonpenaltyConceded|expectedGoalsontargetConceded|expectedGoalsontargetNonpenaltyConceded,,,
5954hehzan6m0twb25nis6y38,2026-04-12,1,KR,Keflavík,H,3-2,Halldór Snær Georgsson,H. Georgsson,cdx5akkzjrm6j7erasu8k4hlg,12,Substitute,44,3,5,1,,5,3,,7,49,,,,,,,,,,,,,,,,,,,,7,3,,,,16,,,,10,,,,1,,,,,,,2,2,0,,30,,,3,,2,2,,1,,,8,5,,18,11,5,,79,,,,50,,1,1,,,,,,,6,6,7,,7,,,7,,,,,,,,,1,1,1,46,,,,0,,44,4,,,2,11,1,,5,,13,55,,,1,,,62,,,,,,0,,,,,1.286700,1.286700,1.307100,1.307100,629yaod9sjr350jvivp78vwfz,player_id_keeper_actions_and_stats,kr_keflavik_2026_04_12_ma2.json,kr_keflavik_2026_04_12_ma12.json,2026-09-06T22:48:31Z,cdx5akkzjrm6j7erasu8k4hlg,H. Georgsson,cdx5akkzjrm6j7erasu8k4hlg,as_supplied_by_opta,,Halldór Snær Georgsson,89.09,53.85,33.33,0.0,-0.6929,,,,
5954hehzan6m0twb25nis6y38,2026-04-12,1,Keflavík,KR,A,2-3,Ásgeir Orri Magnússon,Ásgeir Orri Magnússon,67iuqfijm1h3db1j85g111rf8,1,Goalkeeper,17,7,8,2,3,7,3,,10,25,,,,,1,1,1,,,,1,1,1,,1,,,,,8,5,1,,,11,,,,7,,,1,2,,,4,,,,2,,1,,30,1,,5,,3,3,,1,,,9,7,,5,18,9,2,90,,,,28,,3,4,1,,,,,,14,14,1,,4,1,,3,1,3,4,,,1,1,,1,,1,19,,,,0,,21,9,4,,2,17,2,3,11,,23,38,1,,,,,58,1,1,,,,0,,,,,1.942600,1.942600,2.365900,2.365900,96h322mg5vnaneem9fjzgvioq,lineup_position,kr_keflavik_2026_04_12_ma2.json,kr_keflavik_2026_04_12_ma12.json,2026-09-06T22:48:31Z,67iuqfijm1h3db1j85g111rf8,Ásgeir Orri Magnússon,67iuqfijm1h3db1j85g111rf8,as_supplied_by_opta,,Ásgeir Orri Magnússon,65.79,43.48,40.0,4.0,-0.6341,,,,
59s4qh9rhitn82g4i30fc2mfo,2026-04-12,1,Valur,Thór,H,1-2,Frederik August Albrecht Schram,F. Schram,c4esrbgbv6v715768v2cb676d,18,Goalkeeper,22,1,,5,,5,1,,3,22,,,,,,,,,,,,,,,,,,,,9,5,,,,8,,,,2,,,,,,,,,,,1,,1,,13,1,,5,,2,2,,2,,,5,6,,7,2,,,90,,,,25,,,,,,,,,,10,10,1,,,,,11,,,,,,,,,,,,17,,,,0,,29,2,,,1,2,2,,8,,12,31,,,,,,39,,,,,,0,,,,,0.946000,0.946000,1.396700,1.396700,khmdmbol7850k3i07yusgpn,lineup_position,valur_thor_2026_04_12_ma2.json,valur_thor_2026_04_12_ma12.json,2026-09-06T22:48:31Z,c4esrbgbv6v715768v2cb676d,F. Schram,c4esrbgbv6v715768v2cb676d,as_supplied_by_opta,,Frederik August Albrecht Schram,70.97,25.0,100.0,0.0,-0.6033,,,,
59s4qh9rhitn82g4i30fc2mfo,2026-04-12,1,Thór,Valur,A,2-1,Aron Birkir Stefánsson,A. Stefánsson,2vfiu4zekww816g1j3bverill,1,Goalkeeper,19,8,7,6,1,7,2,,13,26,,,1,,,,,,,,,,,,,,,,,12,2,,,,16,,,,2,,,,2,,1,4,,1,,12,7,1,,31,1,,9,,1,1,,2,,,11,7,,4,23,8,,90,,,,26,,8,3,,,,,,,17,17,3,,1,2,,8,3,2,5,,,,,,4,3,4,17,,,,0,,21,14,4,,12,22,2,1,7,,30,43,,,,,,61,,,,,,0,,,,,2.196900,2.196900,1.215600,1.215600,dys496cnlmowm95ehcfgcrvbm,lineup_position,valur_thor_2026_04_12_ma2.json,valur_thor_2026_04_12_ma12.json,2026-09-06T22:48:31Z,2vfiu4zekww816g1j3bverill,A. Stefánsson,2vfiu4zekww816g1j3bverill,as_supplied_by_opta,,Aron Birkir Stefánsson,60.47,43.33,66.67,5.0,0.2156,,,,
5adqibxev6p0ee3l6zqz43ggk,2026-04-12,1,ÍBV,FH,H,1-1,Marcel Zapytowski,M. Zapytowski,et4ngone9uj5zhf6ual55u2qy,1,Goalkeeper,21,3,6,2,1,4,3,,9,27,,,,1,,,,,,,,,,,,,,,,5,7,,,,12,,2,,4,,,1,4,,2,1,,1,,5,3,1,,30,1,,4,,1,,1,1,,,10,4,,10,19,6,1,90,1,,,32,,1,1,1,1,,,1,1,18,18,1,,2,,,5,4,2,6,,1,,,,1,1,1,21,1,1,,0,1,26,5,1,,5,19,1,1,14,,26,45,,,,1,,60,,,,,1,0,,,,,1.745500,0.957100,2.437600,1.616700,3tlx1zjkgrsdky3abrqe2c9c3,lineup_position,ibv_fh_2026_04_12_ma2.json,ibv_fh_2026_04_12_ma12.json,2026-09-06T22:48:32Z,et4ngone9uj5zhf6ual55u2qy,M. Zapytowski,et4ngone9uj5zhf6ual55u2qy,as_supplied_by_opta,,Marcel Zapytowski,60.0,34.62,50.0,6.0,1.4376,,,,
5adqibxev6p0ee3l6zqz43ggk,2026-04-12,1,FH,ÍBV,A,1-1,Jökull Andrésson,J. Andrésson,29q6xnzs6z0lnt8ntpiber696,1,Goalkeeper,10,,1,7,,5,,,1,11,,,,,,,,,,,,,,,,,,,,9,5,,,,6,,,,2,,,2,3,,,,,,,,,1,,9,1,,7,,1,1,,1,,,4,5,,5,5,1,1,90,,,,8,,,1,,,,,,,7,7,1,,,,,3,1,2,3,,,,,,,,,4,,,,0,,12,,,,,5,1,,6,,7,17,,,,,,27,,,,,,0,,,,,2.090000,2.090000,1.240700,1.240700,2ci0yr2esa7y4etjvl5vau077,lineup_position,ibv_fh_2026_04_12_ma2.json,ibv_fh_2026_04_12_ma12.json,2026-09-06T22:48:32Z,29q6xnzs6z0lnt8ntpiber696,J. Andrésson,29q6xnzs6z0lnt8ntpiber696,as_supplied_by_opta,,Jökull Andrésson,64.71,14.29,100.0,3.0,0.2407,,,,
5azcgpxj71p79bn8o27qyayac,2026-04-12,1,KA,Stjarnan,H,2-3,Steinþór Már Auðunsson,S. Auðunsson,381vrdne8tq32r6gu1hc5dp05,13,Goalkeeper,23,,,3,,10,,,,23,,,1,,,,,,,,,,,,,,,,,7,3,,,,12,,,,6,,,,1,,1,2,,,,3,1,1,,9,1,,4,,3,3,,2,,,9,10,,9,5,,1,90,,,,24,,,2,1,,,,,,7,7,1,,2,2,,12,2,,2,,,,,1,,,,20,,,,0,,25,1,2,,3,5,2,,5,,7,30,,,,,,46,,,,,,0,,,,,1.518500,1.518500,2.402700,2.402700,4mo70a9j7p2ersbrieg5aw3dg,lineup_position,ka_stjarnan_2026_04_12_ma2.json,ka_stjarnan_2026_04_12_ma12.json,2026-09-06T22:48:31Z,381vrdne8tq32r6gu1hc5dp05,S. Auðunsson,381vrdne8tq32r6gu1hc5dp05,as_supplied_by_opta,,Steinþór Már Auðunsson,76.67,0.0,75.0,2.0,-0.5973,,,,
5azcgpxj71p79bn8o27qyayac,2026-04-12,1,Stjarnan,KA,A,3-2,Árni Snær Ólafsson,Á. Ólafsson,7ibfw77zng0sh9dv2h0srauol,12,Goalkeeper,32,4,7,3,,6,3,,12,39,,,,,,,,,,,,,,,,,,,,11,10,,,,15,,,,13,,,2,2,,,,,,,11,6,1,,28,1,,4,,2,1,1,1,,,12,6,,9,16,7,,90,,,,39,,2,3,2,2,,,,,10,10,2,,8,,,12,2,5,7,,,,,,3,3,3,35,1,1,,0,,33,5,,,11,16,1,,7,,22,49,,,,,,63,,,,,,0,,,,,1.645100,1.645100,1.422900,1.422900,23vg6q15dzr375k6757j06wkq,lineup_position,ka_stjarnan_2026_04_12_ma2.json,ka_stjarnan_2026_04_12_ma12.json,2026-09-06T22:48:31Z,7ibfw77zng0sh9dv2h0srauol,Á. Ólafsson,7ibfw77zng0sh9dv2h0srauol,as_supplied_by_opta,,Árni Snær Ólafsson,79.59,54.55,75.0,7.0,-0.5771,,,,
5bko88dcsxlnjjt2xzayiy4no,2026-04-12,1,Fram,ÍA,H,3-3,Viktor Freyr Sigurðsson,V. Sigurðsson,ep3hf2ww6epapo978sbn665be,22,Goalkeeper,17,1,,1,,2,,,2,17,,,,,,,,,,,,,,,,,,,,10,4,,,,7,,1,,3,,,1,2,,,1,,,,5,4,1,,17,1,,4,,3,3,,1,,,4,3,,11,13,,1,90,,,,28,,1,4,1,,,,,,18,18,2,,2,,,6,3,,4,,,,,,,,,16,,,,0,,21,2,1,,5,13,1,,13,,18,34,,,,,,43,,,,,,0,,,,,1.782300,1.782300,2.082800,2.082800,ta7x6ep3lniyckj6la77zw,lineup_position,fram_ia_2026_04_12_ma2.json,fram_ia_2026_04_12_ma12.json,2026-09-06T22:48:31Z,ep3hf2ww6epapo978sbn665be,V. Sigurðsson,ep3hf2ww6epapo978sbn665be,as_supplied_by_opta,,Viktor Freyr Sigurðsson,50.0,11.11,25.0,4.0,-0.9172,,,,
5bko88dcsxlnjjt2xzayiy4no,2026-04-12,1,ÍA,Fram,A,3-3,Árni Marinó Einarsson,Á. Einarsson,9dwayhvpts3huz0z8pid94i96,1,Goalkeeper,10,3,3,1,,4,3,,6,13,,,,,,,,,,,,,,,,,,,,11,3,,,,9,,,,6,,,,,,1,,,,,2,1,1,,21,1,,2,,3,3,,2,,,6,4,,2,12,3,,90,,,,18,,2,1,,,,,,,11,11,1,,2,,,1,1,1,2,,,,,1,1,,1,10,,,,0,,12,3,,,2,12,2,,12,,17,24,,,,,,33,,,,,1,0,,,,,1.401800,1.401800,2.744900,2.744900,9ar4wcltrggiz60w77e3z56m2,lineup_position,fram_ia_2026_04_12_ma2.json,fram_ia_2026_04_12_ma12.json,2026-09-06T22:48:31Z,9dwayhvpts3huz0z8pid94i96,Á. Einarsson,9dwayhvpts3huz0z8pid94i96,as_supplied_by_opta,,Árni Marinó Einarsson,54.17,35.29,50.0,2.0,-0.2551,,,,
5c2ebjrgfjrjtkq59yvzky6ms,2026-04-17,2,KR,Thór,H,5-2,Halldór Snær Georgsson,H. Georgsson,cdx5akkzjrm6j7erasu8k4hlg,12,Goalkeeper,40,1,2,4,5,8,1,,3,42,,,,,,,,,,,,,,,,,,,,6,1,,,,13,,,,4,,,,,,1,2,,,,1,1,1,,17,1,,4,,2,2,,1,,,9,8,,20,4,3,,90,,,,41,,1,1,,,,,,,5,5,2,1,2,,1,10,1,,1,,,,,,,,,36,,,,0,,44,1,2,,1,3,2,5,5,,7,47,,,,1,,61,,,,,,0,,,,,2.597000,2.597000,2.645100,2.645100,629yaod9sjr350jvivp78vwfz,lineup_position,kr_thor_2026_04_17_ma2.json,kr_thor_2026_04_17_ma12.json,2026-09-06T22:48:31Z,cdx5akkzjrm6j7erasu8k4hlg,H. Georgsson,cdx5akkzjrm6j7erasu8k4hlg,as_supplied_by_opta,,Halldór Snær Georgsson,89.36,42.86,100.0,1.0,0.6451,,,,
5c2ebjrgfjrjtkq59yvzky6ms,2026-04-17,2,Thór,KR,A,2-5,Aron Birkir Stefánsson,A. Stefánsson,2vfiu4zekww816g1j3bverill,1,Goalkeeper,14,7,4,,,3,2,,9,18,,,,,,,,,,,,,,,,,,,,18,7,,,,12,,,,2,,,1,6,,,1,,,,7,3,1,,32,1,,1,,5,4,1,,,,11,5,,5,16,4,1,90,,,,29,,2,2,1,1,1,,1,,22,22,1,,1,,,1,5,3,8,,,,,,1,1,1,16,,,,0,,22,7,1,,7,16,,,16,,28,38,,,,,,52,,,,,,0,,,,,3.102500,2.314100,3.995900,3.243000,dys496cnlmowm95ehcfgcrvbm,lineup_position,kr_thor_2026_04_17_ma2.json,kr_thor_2026_04_17_ma12.json,2026-09-06T22:48:31Z,2vfiu4zekww816g1j3bverill,A. Stefánsson,2vfiu4zekww816g1j3bverill,as_supplied_by_opta,,Aron Birkir Stefánsson,47.37,32.14,0.0,8.0,-1.0041,,,,
5ck72gsvq8onmvuq2retn2yhg,2026-04-17,2,KA,Víkingur R,H,0-2,Steinþór Már Auðunsson,S. Auðunsson,381vrdne8tq32r6gu1hc5dp05,13,Goalkeeper,15,3,3,4,,4,,,5,18,,,,,,,,,,,,,,,,,,,1,20,5,,,,8,,1,,2,,,,1,1,3,1,,,,8,3,1,1,18,1,,8,,2,2,,,,,7,4,,7,16,3,1,90,,,,19,,3,3,1,,1,1,1,,14,14,1,,2,1,,7,4,1,5,,,,,3,3,2,3,12,1,,,0,,16,5,1,1,8,16,,,7,,19,32,,,,1,,46,,,,,1,0,1,,,1,2.615600,1.827200,1.862000,1.143400,4mo70a9j7p2ersbrieg5aw3dg,lineup_position,ka_vikingur_r_2026_04_17_ma2.json,ka_vikingur_r_2026_04_17_ma12.json,2026-09-06T22:48:31Z,381vrdne8tq32r6gu1hc5dp05,S. Auðunsson,381vrdne8tq32r6gu1hc5dp05,as_supplied_by_opta,,Steinþór Már Auðunsson,56.25,26.32,50.0,5.0,-0.138,,,,
5ck72gsvq8onmvuq2retn2yhg,2026-04-17,2,Víkingur R,KA,A,2-0,Ingvar Jónsson,I. Jónsson,5ghzqanbf8v432ekwypz71exh,1,Goalkeeper,14,,,2,,2,,,1,14,,,,,,,,,,,,,,,,,,,,3,,,,,4,,,,4,,1,,,,,,,,,4,2,1,,14,1,,3,,,,,,,,3,2,,4,7,,,90,,,,18,,,1,1,,,,,,9,9,1,,,,,5,,,,,,,,,,,,12,,,,0,,16,,,,4,7,1,,7,,10,23,,,,,,26,,,,,,0,,,,,0.701900,0.701900,0,0,7gmdb4hmtrz199zv9r66qy9qp,lineup_position,ka_vikingur_r_2026_04_17_ma2.json,ka_vikingur_r_2026_04_17_ma12.json,2026-09-06T22:48:31Z,5ghzqanbf8v432ekwypz71exh,I. Jónsson,5ghzqanbf8v432ekwypz71exh,as_supplied_by_opta,,Ingvar Jónsson,60.87,10.0,66.67,0.0,0.0,expectedGoalsontargetConceded|expectedGoalsontargetNonpenaltyConceded,,,
5d2a0uyexzm3a4xgg1vo6ag44,2026-04-17,2,Valur,ÍBV,H,2-1,Frederik August Albrecht Schram,F. Schram,c4esrbgbv6v715768v2cb676d,18,Goalkeeper,12,5,4,2,,5,4,,9,16,,,3,,,,,,,,,,,,,,,,,9,7,,,,6,,,,6,,,,1,,3,2,,,,6,2,1,,19,1,,4,,1,,1,1,,,5,5,,5,13,4,,90,,,,22,,2,2,,,,,,,15,15,,,3,2,,6,1,,1,,,,,,1,1,1,14,,,,0,,17,6,2,,6,13,1,,14,,23,30,,,,,,41,,,,,1,0,,,,,0.989600,0.989600,0.367600,0.367600,khmdmbol7850k3i07yusgpn,lineup_position,valur_ibv_2026_04_17_ma2.json,valur_ibv_2026_04_17_ma12.json,2026-09-06T22:48:32Z,c4esrbgbv6v715768v2cb676d,F. Schram,c4esrbgbv6v715768v2cb676d,as_supplied_by_opta,,Frederik August Albrecht Schram,53.33,39.13,50.0,1.0,-0.6324,,,,
5d2a0uyexzm3a4xgg1vo6ag44,2026-04-17,2,ÍBV,Valur,A,1-2,Marcel Zapytowski,M. Zapytowski,et4ngone9uj5zhf6ual55u2qy,1,Goalkeeper,24,4,2,7,2,4,1,,4,26,,,1,,,,,,,,,,,,,,,,,12,9,,,,8,,,,9,,,,1,,1,4,,,,5,5,1,,20,1,,9,,2,2,,,,,4,4,,11,8,2,,90,,,,28,,1,,,,,,,,11,11,4,,4,2,1,6,1,,1,,,,,,1,1,1,19,,,,0,,29,5,4,,5,8,,2,9,,15,37,,,,,,46,,,,,,0,,,,,2.532600,2.532600,1.718200,1.718200,3tlx1zjkgrsdky3abrqe2c9c3,lineup_position,valur_ibv_2026_04_17_ma2.json,valur_ibv_2026_04_17_ma12.json,2026-09-06T22:48:32Z,et4ngone9uj5zhf6ual55u2qy,M. Zapytowski,et4ngone9uj5zhf6ual55u2qy,as_supplied_by_opta,,Marcel Zapytowski,70.27,26.67,77.78,1.0,-0.2818,,,,
5dm5n6eqlad2kdyhz0dd2zn6c,2026-04-17,2,Fram,Keflavík,H,3-1,Viktor Freyr Sigurðsson,V. Sigurðsson,ep3hf2ww6epapo978sbn665be,22,Goalkeeper,17,4,7,3,,2,4,,11,24,,,,,,,,,,,,,,,,,,,,7,5,,,,7,,,,2,,,,,,,,,,,5,4,1,,24,1,,6,,1,1,,,,,7,2,,6,18,7,1,90,,,,28,,1,7,1,,,,,,13,13,,,,,,6,1,2,3,,,,,1,,,,21,,,,0,,18,4,,,5,18,,,13,,23,36,,,,,,42,,,,,,0,,,,,1.081500,1.081500,1.545500,1.545500,ta7x6ep3lniyckj6la77zw,lineup_position,fram_keflavik_2026_04_17_ma2.json,fram_keflavik_2026_04_17_ma12.json,2026-09-06T22:48:31Z,ep3hf2ww6epapo978sbn665be,V. Sigurðsson,ep3hf2ww6epapo978sbn665be,as_supplied_by_opta,,Viktor Freyr Sigurðsson,66.67,47.83,50.0,3.0,0.5455,,,,
5dm5n6eqlad2kdyhz0dd2zn6c,2026-04-17,2,Keflavík,Fram,A,1-3,Ásgeir Orri Magnússon,Ásgeir Orri Magnússon,67iuqfijm1h3db1j85g111rf8,1,Goalkeeper,38,7,8,4,2,6,8,,17,46,,,,,,,,,,,,,,,,,,,,13,5,,,,12,,,,15,,,1,2,,1,4,,,,4,4,1,,40,1,,4,,3,2,1,,,,10,7,,10,17,8,1,90,,,,52,,,3,,,,,,,14,14,1,1,6,2,1,9,3,,3,,,,,,1,1,1,41,,,,0,,42,9,4,1,4,17,,2,18,,29,59,,,,,,74,,,,,,0,1,,,,1.055500,1.055500,1.448800,1.448800,96h322mg5vnaneem9fjzgvioq,lineup_position,fram_keflavik_2026_04_17_ma2.json,fram_keflavik_2026_04_17_ma12.json,2026-09-06T22:48:31Z,67iuqfijm1h3db1j85g111rf8,Ásgeir Orri Magnússon,67iuqfijm1h3db1j85g111rf8,as_supplied_by_opta,,Ásgeir Orri Magnússon,77.97,58.62,100.0,3.0,-1.5512,,,,
5e4pmxy1g5i7lytal2rff261g,2026-04-17,2,Breidablik,ÍA,H,1-0,Anton Ari Einarsson,A. Einarsson,9zzg49vnaufp7j6yj7pcg6sb9,1,Goalkeeper,23,1,2,,,4,2,,6,25,,,,,,,,,,,,,,,,,,,,11,4,,,,6,,2,,2,,1,1,1,,,,,,1,5,3,1,,27,1,,,,,,,2,,,4,4,,,12,2,2,90,,,,34,,1,1,,,,,,,12,12,,,,,,9,3,1,4,,,,,1,1,,1,24,,,,0,,24,1,,,5,12,2,,11,,17,36,,,,,,47,,,,,,0,,,,,2.295700,2.295700,1.163100,1.163100,c6hu27u143y4z4te8b4036bae,lineup_position,breidablik_ia_2026_04_17_ma2.json,breidablik_ia_2026_04_17_ma12.json,2026-09-06T22:48:32Z,9zzg49vnaufp7j6yj7pcg6sb9,A. Einarsson,9zzg49vnaufp7j6yj7pcg6sb9,as_supplied_by_opta,,Anton Ari Einarsson,69.44,35.29,,4.0,1.1631,,,,
5e4pmxy1g5i7lytal2rff261g,2026-04-17,2,ÍA,Breidablik,A,0-1,Árni Marinó Einarsson,Á. Einarsson,9dwayhvpts3huz0z8pid94i96,1,Goalkeeper,35,2,2,2,5,2,1,,4,37,,,,,,,,,,,,,,,,,,,,6,5,,,,4,,,,7,,,,,,,4,3,,,1,1,1,,14,1,1,2,,1,1,,1,3,,2,2,,12,4,2,,90,,,,40,,,,1,1,1,,1,,5,5,1,,3,,,16,,,,,,,,,,,,35,,,,0,,38,3,4,,1,4,1,5,5,,9,42,,,,,,50,,,,,,0,,,,,1.231700,0.443300,0.828600,0,9ar4wcltrggiz60w77e3z56m2,lineup_position,breidablik_ia_2026_04_17_ma2.json,breidablik_ia_2026_04_17_ma12.json,2026-09-06T22:48:32Z,9dwayhvpts3huz0z8pid94i96,Á. Einarsson,9dwayhvpts3huz0z8pid94i96,as_supplied_by_opta,,Árni Marinó Einarsson,88.1,44.44,100.0,0.0,-0.1714,expectedGoalsontargetNonpenaltyConceded,,,
5ep7nvotsc0uv4fb7jhmhpj4k,2026-04-17,2,Stjarnan,FH,H,3-2,Árni Snær Ólafsson,Á. Ólafsson,7ibfw77zng0sh9dv2h0srauol,12,Goalkeeper,41,2,7,2,,5,5,,11,48,,,,1,,,,,,,,,,,,,,,,7,4,,,,10,,,,19,,,1,2,,2,,,,,10,4,1,,27,1,,2,,2,1,1,,,,8,5,,21,16,7,1,90,,1,,50,,3,3,1,1,1,,1,,10,10,2,,8,,,10,2,3,5,,1,,,2,5,2,5,43,,,,0,1,42,4,,,10,16,,,11,,21,58,,,,,,70,,,,,2,0,,,,,1.665000,0.876600,2.295400,1.368900,23vg6q15dzr375k6757j06wkq,lineup_position,stjarnan_fh_2026_04_17_ma2.json,stjarnan_fh_2026_04_17_ma12.json,2026-09-06T22:48:31Z,7ibfw77zng0sh9dv2h0srauol,Á. Ólafsson,7ibfw77zng0sh9dv2h0srauol,as_supplied_by_opta,,Árni Snær Ólafsson,82.76,52.38,100.0,5.0,0.2954,,,,
5ep7nvotsc0uv4fb7jhmhpj4k,2026-04-17,2,FH,Stjarnan,A,2-3,Jökull Andrésson,J. Andrésson,29q6xnzs6z0lnt8ntpiber696,1,Goalkeeper,14,,2,8,,6,3,,5,16,,,,,,,,,,,,,,,,,,,,18,4,,,,8,,,,2,,,1,3,,,2,,,,4,1,1,,11,1,,10,,3,3,,,,,7,6,,4,6,2,2,90,,,,7,,1,,,,,,,,5,5,1,,,2,,6,3,,3,,,,,,1,1,1,7,,,,0,,15,,2,,4,6,,,5,,10,21,,,,,,32,,,,,,0,,,,,2.868900,2.868900,2.910900,2.910900,2ci0yr2esa7y4etjvl5vau077,lineup_position,stjarnan_fh_2026_04_17_ma2.json,stjarnan_fh_2026_04_17_ma12.json,2026-09-06T22:48:31Z,29q6xnzs6z0lnt8ntpiber696,J. Andrésson,29q6xnzs6z0lnt8ntpiber696,as_supplied_by_opta,,Jökull Andrésson,76.19,50.0,80.0,3.0,-0.0891,,,,
5f7ymuvwtga6kpppw06uoidqs,2026-04-22,3,ÍA,KA,H,1-1,Árni Marinó Einarsson,Á. Einarsson,9dwayhvpts3huz0z8pid94i96,1,Goalkeeper,21,,4,,1,4,4,,6,25,,,,,,,,,,,,,,,,,,,,7,10,,,,7,,,,9,,,,,,,2,,,,2,2,1,,19,1,,3,,1,1,,1,,,3,4,,6,10,4,1,90,,,,29,,,1,,,,,,,8,8,3,,5,1,,8,1,2,3,,,,,,1,1,1,24,,,,0,,23,,2,,2,10,1,1,9,,13,33,,,,,,43,,,,,,0,,,,,1.106100,1.106100,0.787100,0.787100,9ar4wcltrggiz60w77e3z56m2,lineup_position,ia_ka_2026_04_22_ma2.json,ia_ka_2026_04_22_ma12.json,2026-09-06T22:48:31Z,9dwayhvpts3huz0z8pid94i96,Á. Einarsson,9dwayhvpts3huz0z8pid94i96,as_supplied_by_opta,,Árni Marinó Einarsson,75.76,46.15,0.0,3.0,-0.2129,,,,
5f7ymuvwtga6kpppw06uoidqs,2026-04-22,3,KA,ÍA,A,1-1,Steinþór Már Auðunsson,S. Auðunsson,381vrdne8tq32r6gu1hc5dp05,13,Goalkeeper,21,7,3,5,,4,,,7,24,,,1,,,,,,,,,,,,,,,,,15,6,,,,17,,,,5,,,1,3,,1,,,,,6,2,1,,33,1,,12,,1,1,,,,,14,4,,3,21,3,1,90,,,,25,,3,4,,,,,,,19,19,3,,3,,,7,6,1,7,,,,,,1,,1,17,,,,0,,22,8,,,6,21,1,,7,,26,43,,,,,,55,,,,,,0,,,,,2.612400,2.612400,1.282600,1.282600,4mo70a9j7p2ersbrieg5aw3dg,lineup_position,ia_ka_2026_04_22_ma2.json,ia_ka_2026_04_22_ma12.json,2026-09-06T22:48:31Z,381vrdne8tq32r6gu1hc5dp05,S. Auðunsson,381vrdne8tq32r6gu1hc5dp05,as_supplied_by_opta,,Steinþór Már Auðunsson,55.81,26.92,41.67,7.0,0.2826,,,,
5fqxsnaefdhqw1i6y5kb7f7dg,2026-04-22,3,Keflavík,Breidablik,H,0-0,Ásgeir Orri Magnússon,Ásgeir Orri Magnússon,67iuqfijm1h3db1j85g111rf8,1,Goalkeeper,13,1,11,7,2,8,4,,16,24,,,,,,,,,,,,,,,,,,,,8,4,,,,17,,,,4,,1,,,,,1,,,,8,2,1,,31,1,1,11,,,,,,,,16,9,,5,24,11,,90,,,,19,,,3,1,1,,,,,15,15,1,,1,,,2,1,1,2,,,,,,3,,3,12,,,,0,,15,2,1,,8,23,,2,10,,30,38,,,,,,51,,,,,,0,,,,,1.041900,1.041900,0.633000,0.633000,96h322mg5vnaneem9fjzgvioq,lineup_position,keflavik_breidablik_2026_04_22_ma2.json,keflavik_breidablik_2026_04_22_ma12.json,2026-09-06T22:48:32Z,67iuqfijm1h3db1j85g111rf8,Ásgeir Orri Magnússon,67iuqfijm1h3db1j85g111rf8,as_supplied_by_opta,,Ásgeir Orri Magnússon,63.16,53.33,63.64,2.0,0.633,,,,
5fqxsnaefdhqw1i6y5kb7f7dg,2026-04-22,3,Breidablik,Keflavík,A,0-0,Anton Ari Einarsson,A. Einarsson,9zzg49vnaufp7j6yj7pcg6sb9,1,Goalkeeper,24,4,2,2,,3,2,,6,26,,,,,,,,,,,,,,,,,,,,7,2,,,,8,,,,3,,1,,,,,,,,,3,2,1,,19,1,,2,,,,,,,,8,4,,5,8,2,,90,,,,29,,,,,,,,,,9,9,,,1,,,10,2,1,3,,,,,,,,,22,,,,0,,26,8,,,3,8,,,5,,14,34,,,,,,41,,,,,,0,,,,,1.067700,1.067700,0.664300,0.664300,c6hu27u143y4z4te8b4036bae,lineup_position,keflavik_breidablik_2026_04_22_ma2.json,keflavik_breidablik_2026_04_22_ma12.json,2026-09-06T22:48:32Z,9zzg49vnaufp7j6yj7pcg6sb9,A. Einarsson,9zzg49vnaufp7j6yj7pcg6sb9,as_supplied_by_opta,,Anton Ari Einarsson,76.47,42.86,100.0,3.0,0.6643,,,,
5g8yvaf0xp9p8500hyo54wduc,2026-04-23,3,ÍBV,KR,H,2-6,Marcel Zapytowski,M. Zapytowski,et4ngone9uj5zhf6ual55u2qy,1,Goalkeeper,22,7,2,7,2,3,3,,11,24,,,,,,,,,,,,,,,,,,,,11,8,,,,5,,,,3,,,,3,,,3,,,,3,2,1,,27,1,1,14,,6,4,2,,,,5,3,,4,10,2,1,90,,,,23,1,2,2,1,,,,,,16,16,,,1,,,8,3,1,4,,,,,,1,1,1,17,,,,0,,29,9,3,,3,10,,2,8,,26,39,,,,,,51,,,,,,0,,,,,1.255900,1.255900,3.371700,3.371700,3tlx1zjkgrsdky3abrqe2c9c3,lineup_position,ibv_kr_2026_04_23_ma2.json,ibv_kr_2026_04_23_ma12.json,2026-09-06T22:48:32Z,et4ngone9uj5zhf6ual55u2qy,M. Zapytowski,et4ngone9uj5zhf6ual55u2qy,as_supplied_by_opta,,Marcel Zapytowski,61.54,42.31,50.0,4.0,-1.6283,,,,
5g8yvaf0xp9p8500hyo54wduc,2026-04-23,3,KR,ÍBV,A,6-2,Halldór Snær Georgsson,H. Georgsson,cdx5akkzjrm6j7erasu8k4hlg,12,Goalkeeper,65,2,1,,2,3,1,,2,66,,,1,1,,,,,,,,,,,,,,,,3,2,,,,8,,1,,16,,,,,,2,1,,1,,,,1,,37,1,,,,2,1,1,2,,,4,3,,16,5,1,,90,1,,,72,,,,,,,,,,8,8,2,,10,,,21,1,1,2,,1,,,,,,,65,,,,0,1,69,6,1,,,5,2,2,4,,6,74,,,,,,84,,,,,1,0,,,,,0.868200,0.868200,1.839600,1.839600,629yaod9sjr350jvivp78vwfz,lineup_position,ibv_kr_2026_04_23_ma2.json,ibv_kr_2026_04_23_ma12.json,2026-09-06T22:48:32Z,cdx5akkzjrm6j7erasu8k4hlg,H. Georgsson,cdx5akkzjrm6j7erasu8k4hlg,as_supplied_by_opta,,Halldór Snær Georgsson,89.19,33.33,,2.0,-0.1604,,,,
5ha8z9rh92zepr96k4964kv10,2026-04-23,3,Thór,Fram,H,1-0,Aron Birkir Stefánsson,A. Stefánsson,2vfiu4zekww816g1j3bverill,1,Goalkeeper,21,5,3,1,,3,3,,12,24,,,2,,,,,,,,,,,,,,,,,13,7,,,,9,,,,6,,1,1,1,,2,2,,,,12,4,1,,30,1,,4,,,,,2,,,6,4,,11,20,3,3,90,,,,32,,6,2,1,1,,,,,22,22,1,,2,1,,4,1,1,2,,,,,1,,,,21,,,,0,,26,9,2,,12,19,2,,15,,33,45,,,,,,55,,,,,,0,,,,,2.011200,2.011200,0.865100,0.865100,dys496cnlmowm95ehcfgcrvbm,lineup_position,thor_fram_2026_04_23_ma2.json,thor_fram_2026_04_23_ma12.json,2026-09-06T22:48:31Z,2vfiu4zekww816g1j3bverill,A. Stefánsson,2vfiu4zekww816g1j3bverill,as_supplied_by_opta,,Aron Birkir Stefánsson,53.33,36.36,25.0,2.0,0.8651,,,,
5ha8z9rh92zepr96k4964kv10,2026-04-23,3,Fram,Thór,A,0-1,Viktor Freyr Sigurðsson,V. Sigurðsson,ep3hf2ww6epapo978sbn665be,22,Goalkeeper,10,1,7,1,3,5,7,,8,17,,,,,,,,,,,,,,,,,,,,,5,,,,8,,,,4,,,,1,,1,2,,,,7,6,1,,20,1,,1,,1,,1,,,,6,5,,2,14,7,,90,,,,22,,1,5,,,,,,,9,9,2,,3,,,4,,2,2,,,,,,4,4,4,14,,,,0,,12,2,2,,7,14,,3,15,,17,26,,,,,,36,,,,,1,0,,,,,0.203000,0.203000,0.642200,0.642200,ta7x6ep3lniyckj6la77zw,lineup_position,thor_fram_2026_04_23_ma2.json,thor_fram_2026_04_23_ma12.json,2026-09-06T22:48:31Z,ep3hf2ww6epapo978sbn665be,V. Sigurðsson,ep3hf2ww6epapo978sbn665be,as_supplied_by_opta,,Viktor Freyr Sigurðsson,65.38,47.06,100.0,2.0,-0.3578,,,,
5hsj2fxj7n9luy23703grr6s4,2026-04-23,3,Víkingur R,Stjarnan,H,3-2,Ingvar Jónsson,I. Jónsson,5ghzqanbf8v432ekwypz71exh,1,Goalkeeper,29,9,4,1,2,4,,,10,33,,,1,,,,,,,,,,,,,,,,,7,1,,,,8,,,,9,,,,,,1,2,,,,5,4,1,,18,1,,1,,2,2,,1,,,5,5,,7,11,4,2,90,,,,37,,1,5,,,,,,,7,7,2,,4,,,14,2,1,3,,,,,,,,,32,,,,0,,29,12,2,,5,10,2,2,3,,15,39,,,,,,51,,,,,,0,,,,,0.873100,0.873100,2.265200,2.265200,7gmdb4hmtrz199zv9r66qy9qp,lineup_position,vikingur_r_stjarnan_2026_04_23_ma2.json,vikingur_r_stjarnan_2026_04_23_ma12.json,2026-09-06T22:48:31Z,5ghzqanbf8v432ekwypz71exh,I. Jónsson,5ghzqanbf8v432ekwypz71exh,as_supplied_by_opta,,Ingvar Jónsson,84.62,66.67,100.0,3.0,0.2652,,,,
5hsj2fxj7n9luy23703grr6s4,2026-04-23,3,Stjarnan,Víkingur R,A,2-3,Árni Snær Ólafsson,Á. Ólafsson,7ibfw77zng0sh9dv2h0srauol,12,Goalkeeper,39,8,11,2,,3,2,,14,50,,,,,,,,,,,,,,,,,,,,8,7,,,,11,,,,13,,,,1,,2,,,,,8,6,1,,31,1,,3,,3,2,1,,,,9,3,,18,17,10,,90,,,,56,,3,1,,,,,,,11,11,2,,10,,,12,1,1,2,,,,,,2,1,2,46,,,,0,,43,12,,,8,18,,,7,,23,61,,,,,,68,,,,,2,0,,,,,1.372300,1.372300,1.536000,1.536000,23vg6q15dzr375k6757j06wkq,lineup_position,vikingur_r_stjarnan_2026_04_23_ma2.json,vikingur_r_stjarnan_2026_04_23_ma12.json,2026-09-06T22:48:31Z,7ibfw77zng0sh9dv2h0srauol,Á. Ólafsson,7ibfw77zng0sh9dv2h0srauol,as_supplied_by_opta,,Árni Snær Ólafsson,81.97,60.87,66.67,2.0,-1.464,,,,
6hd2qp9zye2y5l9k6264h9c0k,2026-04-23,3,Valur,FH,H,3-0,Frederik August Albrecht Schram,F. Schram,c4esrbgbv6v715768v2cb676d,18,Goalkeeper,16,6,5,5,,4,1,,14,21,,,1,,,,,,,,,,,,,,,,,9,9,,,,13,,,,3,,1,,1,,1,2,,,,6,1,1,,27,1,,12,,,,,,,,12,4,,7,20,5,,90,,,,23,,3,3,,,,,,,22,22,1,,1,2,,8,1,1,2,,,,,,2,,2,12,,,,0,,22,8,2,,6,20,,,11,,35,42,,,,,,51,,,,,,0,,,,,1.109000,1.109000,0.213800,0.213800,khmdmbol7850k3i07yusgpn,lineup_position,valur_fh_2026_04_23_ma2.json,valur_fh_2026_04_23_ma12.json,2026-09-06T22:48:31Z,c4esrbgbv6v715768v2cb676d,F. Schram,c4esrbgbv6v715768v2cb676d,as_supplied_by_opta,,Frederik August Albrecht Schram,50.0,40.0,41.67,2.0,0.2138,,,,
6hd2qp9zye2y5l9k6264h9c0k,2026-04-23,3,FH,Valur,A,0-3,Jökull Andrésson,J. Andrésson,29q6xnzs6z0lnt8ntpiber696,1,Goalkeeper,17,4,3,9,1,3,1,,6,20,,,1,,,,,,,,,,,,,,,,,10,3,,,,5,,2,,,,,,,,1,3,,,,1,1,1,,10,1,,9,,3,2,1,1,,,3,3,,4,3,3,2,90,,,,13,1,1,,,,,,,,4,4,1,,,2,,10,3,,3,,,,,,1,1,1,10,,,,0,,21,4,3,,1,3,1,1,4,,10,24,,,,,,34,,,,,,0,,,,,1.216700,1.216700,1.878400,1.878400,2ci0yr2esa7y4etjvl5vau077,lineup_position,valur_fh_2026_04_23_ma2.json,valur_fh_2026_04_23_ma12.json,2026-09-06T22:48:31Z,29q6xnzs6z0lnt8ntpiber696,J. Andrésson,29q6xnzs6z0lnt8ntpiber696,as_supplied_by_opta,,Jökull Andrésson,83.33,60.0,100.0,3.0,-0.1216,,,,
5isjrb5e3hoqpr38sn6ik4yz8,2026-04-26,4,KA,Keflavík,H,1-2,Steinþór Már Auðunsson,S. Auðunsson,381vrdne8tq32r6gu1hc5dp05,13,Goalkeeper,11,,1,1,,8,1,,2,12,,,,,,,,,,,,,,,,,,,,17,4,,,,12,,,,2,,,1,2,,1,2,,,,2,1,1,,16,1,,4,,2,2,,,,,9,8,,,8,1,1,90,,,,15,,,2,,,,,,,9,9,3,,1,,,5,6,,6,,,,1,,1,1,1,10,,,,0,,13,,2,,2,8,,,6,,11,21,,,,,,39,,,,,1,0,,,,,2.869100,2.869100,3.074000,3.074000,4mo70a9j7p2ersbrieg5aw3dg,lineup_position,ka_keflavik_2026_04_26_ma2.json,ka_keflavik_2026_04_26_ma12.json,2026-09-06T22:48:31Z,381vrdne8tq32r6gu1hc5dp05,S. Auðunsson,381vrdne8tq32r6gu1hc5dp05,as_supplied_by_opta,,Steinþór Már Auðunsson,57.14,18.18,25.0,6.0,1.074,,,,
5isjrb5e3hoqpr38sn6ik4yz8,2026-04-26,4,Keflavík,KA,A,2-1,Ásgeir Orri Magnússon,Ásgeir Orri Magnússon,67iuqfijm1h3db1j85g111rf8,1,Goalkeeper,14,3,4,3,2,7,2,,5,18,,,,,,,,,,,,,,,,,,,,7,10,,,,15,,,,7,1,,,1,1,1,4,,,,6,1,1,,25,1,,11,,1,1,,3,,,8,7,,2,18,4,,90,,,,18,,3,1,,,,,,,16,16,4,,4,1,,7,,2,2,,,,,1,1,1,1,14,,,,0,,16,3,4,,6,18,4,3,7,,21,34,,,,,,52,,,,,1,0,,,,,1.626800,1.626800,1.339700,1.339700,96h322mg5vnaneem9fjzgvioq,lineup_position,ka_keflavik_2026_04_26_ma2.json,ka_keflavik_2026_04_26_ma12.json,2026-09-06T22:48:31Z,67iuqfijm1h3db1j85g111rf8,Ásgeir Orri Magnússon,67iuqfijm1h3db1j85g111rf8,as_supplied_by_opta,,Ásgeir Orri Magnússon,52.94,23.81,27.27,2.0,0.3397,,,,
5iaegu4z48a1ce1r226xyvfh0,2026-04-27,4,KR,FH,H,4-2,Halldór Snær Georgsson,H. Georgsson,cdx5akkzjrm6j7erasu8k4hlg,12,Goalkeeper,26,4,5,2,3,7,2,,7,31,,,,1,,,,,,,,,,,,,,,,3,5,,,,13,1,1,,2,,,,,,,3,,,,5,4,1,,23,1,,2,,2,2,,,,,10,7,,10,9,5,,90,,1,,32,,1,2,,,,,,,5,5,2,1,1,1,,3,,3,3,,1,,,1,4,3,4,27,,,,0,1,27,4,3,,5,9,,3,7,,12,36,,,,,,49,,,,,,0,,,,,1.301100,1.301100,2.133100,2.133100,629yaod9sjr350jvivp78vwfz,lineup_position,kr_fh_2026_04_27_ma2.json,kr_fh_2026_04_27_ma12.json,2026-09-06T22:48:31Z,cdx5akkzjrm6j7erasu8k4hlg,H. Georgsson,cdx5akkzjrm6j7erasu8k4hlg,as_supplied_by_opta,,Halldór Snær Georgsson,86.11,58.33,100.0,3.0,0.1331,,,,
5iaegu4z48a1ce1r226xyvfh0,2026-04-27,4,FH,KR,A,2-4,Jökull Andrésson,J. Andrésson,29q6xnzs6z0lnt8ntpiber696,1,Goalkeeper,5,,3,4,1,3,4,,5,8,,,,,,,,,,,,,,,,,,,,18,5,,,,9,,1,,1,,,1,4,,1,2,,,,7,4,1,,20,1,,10,,4,3,1,1,,,7,3,1,6,14,3,3,90,,,,13,,,5,,,,,,,18,18,1,,,1,,,5,3,8,,,,,3,1,1,1,4,,,,0,,12,,2,,7,14,1,1,14,,23,26,,,,1,,41,,,,,,0,,,,,3.376100,3.376100,3.686800,3.686800,2ci0yr2esa7y4etjvl5vau077,lineup_position,kr_fh_2026_04_27_ma2.json,kr_fh_2026_04_27_ma12.json,2026-09-06T22:48:31Z,29q6xnzs6z0lnt8ntpiber696,J. Andrésson,29q6xnzs6z0lnt8ntpiber696,as_supplied_by_opta,,Jökull Andrésson,30.77,21.74,40.0,8.0,-0.3132,,,,
5jct7l99hilcqk6gejbov7od0,2026-04-27,4,Fram,ÍBV,H,5-1,Viktor Freyr Sigurðsson,V. Sigurðsson,ep3hf2ww6epapo978sbn665be,22,Goalkeeper,12,1,3,3,2,3,2,,5,15,,,,,,,,,,,,,,,,,,,,5,4,,,,7,,2,,9,,,,,,,4,1,,,9,7,1,,16,1,,4,,1,,1,,1,,4,3,,5,12,3,1,90,,,,20,,3,3,,,,,,,11,11,3,,3,2,,5,3,,3,,,,,1,1,,1,11,,,,0,,14,1,4,,9,12,,2,11,,16,26,,,,,,37,,,,,,0,,,,,1.519000,1.519000,0.904600,0.904600,ta7x6ep3lniyckj6la77zw,lineup_position,fram_ibv_2026_04_27_ma2.json,fram_ibv_2026_04_27_ma12.json,2026-09-06T22:48:32Z,ep3hf2ww6epapo978sbn665be,V. Sigurðsson,ep3hf2ww6epapo978sbn665be,as_supplied_by_opta,,Viktor Freyr Sigurðsson,57.69,31.25,75.0,3.0,-0.0954,,,,
5jct7l99hilcqk6gejbov7od0,2026-04-27,4,ÍBV,Fram,A,1-5,Marcel Zapytowski,M. Zapytowski,et4ngone9uj5zhf6ual55u2qy,1,Goalkeeper,25,1,,8,,6,2,,7,25,,,,,,,,,,,,,,,,,,,,9,6,,,,8,,,,8,1,,1,1,1,,1,,,,3,1,1,,15,1,,11,,5,4,1,,,,6,6,,8,6,,2,90,,,,25,,1,3,,,,,,,11,11,2,,2,,,13,2,,2,,,,,,,,,17,,,,0,,30,3,1,,3,6,,1,6,,16,36,,,,,,45,,,,,,0,,,,,2.074000,2.074000,2.818700,2.818700,3tlx1zjkgrsdky3abrqe2c9c3,lineup_position,fram_ibv_2026_04_27_ma2.json,fram_ibv_2026_04_27_ma12.json,2026-09-06T22:48:32Z,et4ngone9uj5zhf6ual55u2qy,M. Zapytowski,et4ngone9uj5zhf6ual55u2qy,as_supplied_by_opta,,Marcel Zapytowski,69.44,43.75,72.73,2.0,-2.1813,,,,
5jv4gb57m22csu4h9r11cvzmc,2026-04-27,4,Breidablik,Thór,H,4-0,Anton Ari Einarsson,A. Einarsson,9zzg49vnaufp7j6yj7pcg6sb9,1,Goalkeeper,24,4,1,1,,4,,,6,25,,,,1,,,,,,,,,,,,,,,,8,5,,,,6,,2,,5,,1,,,,2,1,,,,3,3,1,,19,1,,1,,,,,,,,5,4,,6,6,1,1,90,1,,,27,,1,,,,,,,,6,6,1,,2,,,6,2,2,4,,1,,,,,,,22,,,,0,1,25,4,1,,3,6,,,6,,12,31,,,,,,42,,,,,2,0,,,,,1.507600,1.507600,0.633400,0.633400,c6hu27u143y4z4te8b4036bae,lineup_position,breidablik_thor_2026_04_27_ma2.json,breidablik_thor_2026_04_27_ma12.json,2026-09-06T22:48:32Z,9zzg49vnaufp7j6yj7pcg6sb9,A. Einarsson,9zzg49vnaufp7j6yj7pcg6sb9,as_supplied_by_opta,,Anton Ari Einarsson,80.65,50.0,100.0,4.0,0.6334,,,,
5jv4gb57m22csu4h9r11cvzmc,2026-04-27,4,Thór,Breidablik,A,0-4,Aron Birkir Stefánsson,A. Stefánsson,2vfiu4zekww816g1j3bverill,1,Goalkeeper,24,2,,9,,4,1,,4,24,,,1,,,,,,,,,,,,,,,,,19,9,,,,7,,2,,3,,,1,2,,2,3,,,,6,3,1,,17,1,,12,,4,4,,,,,7,4,,19,9,,2,90,,,,21,,3,,,,,,,,13,13,,,1,1,,1,5,1,6,,,,,1,,,,12,,,,0,,28,4,3,,6,9,,,9,,17,37,,,,,,51,,,,,1,0,,,,,3.528900,3.528900,3.983200,3.983200,dys496cnlmowm95ehcfgcrvbm,lineup_position,breidablik_thor_2026_04_27_ma2.json,breidablik_thor_2026_04_27_ma12.json,2026-09-06T22:48:32Z,2vfiu4zekww816g1j3bverill,A. Stefánsson,2vfiu4zekww816g1j3bverill,as_supplied_by_opta,,Aron Birkir Stefánsson,64.86,23.53,75.0,6.0,-0.0168,,,,
5kdmiishnaqj8x5vsgae6n1n8,2026-04-27,4,Víkingur R,ÍA,H,4-0,Ingvar Jónsson,I. Jónsson,5ghzqanbf8v432ekwypz71exh,1,Goalkeeper,11,3,4,,1,3,3,,6,15,,,,,,,,,,,,,,,,,,,,10,4,,,,9,,3,,4,,1,1,3,,,1,,,,4,3,1,,15,1,,,,,,,,,,8,3,,3,9,4,1,90,,,,21,,,4,,,,,,,8,8,1,,1,,,4,5,1,6,,,,,,1,,1,14,,,,0,,13,3,1,,4,9,,1,10,,13,22,,,,,,33,,,,,,0,,,,,1.227900,1.227900,1.129000,1.129000,7gmdb4hmtrz199zv9r66qy9qp,lineup_position,vikingur_r_ia_2026_04_27_ma2.json,vikingur_r_ia_2026_04_27_ma12.json,2026-09-06T22:48:31Z,5ghzqanbf8v432ekwypz71exh,I. Jónsson,5ghzqanbf8v432ekwypz71exh,as_supplied_by_opta,,Ingvar Jónsson,68.18,46.15,,6.0,1.129,,,,
5kdmiishnaqj8x5vsgae6n1n8,2026-04-27,4,ÍA,Víkingur R,A,0-4,Árni Marinó Einarsson,Á. Einarsson,9dwayhvpts3huz0z8pid94i96,1,Goalkeeper,39,3,5,,,8,6,,9,44,,,,,,,,,,,,,,,,,,,,13,8,,,,12,,2,,16,,,2,2,,,3,,,1,4,3,1,,25,1,,,,4,3,1,2,,,9,8,,13,10,5,2,90,,,,51,,,1,,,,,,,9,9,1,,2,,,15,4,3,7,,,,,,2,2,2,44,,,,0,,43,4,3,,4,10,3,,11,,17,53,,,,,,75,,,,,,0,,,,,3.043500,3.043500,3.019900,3.019900,9ar4wcltrggiz60w77e3z56m2,lineup_position,vikingur_r_ia_2026_04_27_ma2.json,vikingur_r_ia_2026_04_27_ma12.json,2026-09-06T22:48:31Z,9dwayhvpts3huz0z8pid94i96,Á. Einarsson,9dwayhvpts3huz0z8pid94i96,as_supplied_by_opta,,Árni Marinó Einarsson,83.02,52.94,,7.0,-0.9801,,,,
5kw0ir5f2aykbpvq3nuo0gjdg,2026-04-27,4,Stjarnan,Valur,H,2-4,Árni Snær Ólafsson,Á. Ólafsson,7ibfw77zng0sh9dv2h0srauol,12,Goalkeeper,36,8,9,7,,2,,,11,45,1,,,,,,,,,,,,,,,,,,,9,5,,,,6,,1,,17,,,,,,,1,,,,6,4,1,,32,1,,7,,4,2,2,,,,4,2,,7,13,9,1,90,,,,42,,1,5,2,1,,,,,6,6,2,,9,,,11,2,,2,,,,,1,2,,2,37,1,,,0,,37,10,1,,6,13,,,3,,15,50,,,,,1,57,,,,,,0,,,,,1.743100,1.743100,1.612500,1.612500,23vg6q15dzr375k6757j06wkq,lineup_position,stjarnan_valur_2026_04_27_ma2.json,stjarnan_valur_2026_04_27_ma12.json,2026-09-06T22:48:31Z,7ibfw77zng0sh9dv2h0srauol,Á. Ólafsson,7ibfw77zng0sh9dv2h0srauol,as_supplied_by_opta,,Árni Snær Ólafsson,90.0,73.33,100.0,2.0,-2.3875,,,,
5kw0ir5f2aykbpvq3nuo0gjdg,2026-04-27,4,Valur,Stjarnan,A,4-2,Frederik August Albrecht Schram,F. Schram,c4esrbgbv6v715768v2cb676d,18,Goalkeeper,12,2,4,3,1,7,4,,10,16,,,,,,,,,,,,,,,,,,,,11,9,,,,13,,2,,3,,,,1,,,1,,,,5,1,1,,29,1,,11,,2,2,,1,,,12,7,,2,18,4,1,90,,,,13,,2,4,2,,,,,,18,18,,,,,,3,2,4,6,,,,,1,2,,2,8,,,,0,,16,3,1,,5,18,2,1,9,,28,34,,,,,,50,,,,,,0,,,,,3.215300,3.215300,2.646600,2.646600,khmdmbol7850k3i07yusgpn,lineup_position,stjarnan_valur_2026_04_27_ma2.json,stjarnan_valur_2026_04_27_ma12.json,2026-09-06T22:48:31Z,c4esrbgbv6v715768v2cb676d,F. Schram,c4esrbgbv6v715768v2cb676d,as_supplied_by_opta,,Frederik August Albrecht Schram,47.06,35.71,27.27,6.0,0.6466,,,,
5lenprfv2n9xjjbuc6owxhl3o,2026-05-02,5,Thór,KA,H,0-1,Aron Birkir Stefánsson,A. Stefánsson,2vfiu4zekww816g1j3bverill,1,Goalkeeper,9,1,4,6,,7,1,,9,13,,,,1,,,,,,,,,,,,,,,,9,6,,,,11,,1,,1,,,,2,,,,,,,7,,1,,20,1,,13,,1,1,,2,,,8,7,,5,16,4,1,90,,1,,7,,3,3,1,,1,,1,,13,13,1,,,,,1,3,2,5,,1,,,,2,,2,5,1,,,0,1,10,2,,,7,16,2,,5,,22,26,,,,,,40,,,,,,0,,,,,2.559000,1.770600,2.021000,1.172600,dys496cnlmowm95ehcfgcrvbm,lineup_position,thor_ka_2026_05_02_ma2.json,thor_ka_2026_05_02_ma12.json,2026-09-06T22:48:31Z,2vfiu4zekww816g1j3bverill,A. Stefánsson,2vfiu4zekww816g1j3bverill,as_supplied_by_opta,,Aron Birkir Stefánsson,50.0,40.91,46.15,5.0,1.021,,,,
5lenprfv2n9xjjbuc6owxhl3o,2026-05-02,5,KA,Thór,A,1-0,Steinþór Már Auðunsson,S. Auðunsson,381vrdne8tq32r6gu1hc5dp05,13,Goalkeeper,11,2,3,4,1,3,3,,7,14,,,,,,,,,,,,,,,,,,,,7,7,,,,10,,,,3,,1,1,3,,,,,,,8,2,1,,31,1,,9,,,,,4,,,5,3,,1,15,3,1,90,,,,19,,1,6,,,,,,,19,19,1,,,,,1,2,3,5,,,,,,2,,2,9,,,,0,,18,8,,,8,15,4,1,10,,25,33,,,,,,45,,,,,,0,,,,,1.091400,1.091400,0.292600,0.292600,4mo70a9j7p2ersbrieg5aw3dg,lineup_position,thor_ka_2026_05_02_ma2.json,thor_ka_2026_05_02_ma12.json,2026-09-06T22:48:31Z,381vrdne8tq32r6gu1hc5dp05,S. Auðunsson,381vrdne8tq32r6gu1hc5dp05,as_supplied_by_opta,,Steinþór Már Auðunsson,42.42,28.0,44.44,5.0,0.2926,,,,
5lx4e2398pagige7rc9ljp0k4,2026-05-02,5,Valur,KR,H,1-4,Frederik August Albrecht Schram,F. Schram,c4esrbgbv6v715768v2cb676d,18,Goalkeeper,13,2,3,1,,4,4,,7,16,,,,,,,,,,,,,,,,,,,,14,12,,,,12,,2,,4,1,,2,3,1,,1,,,,7,3,1,,22,1,1,3,,4,3,1,,,,8,5,,6,15,3,3,90,,,,22,,1,1,,,,,,,18,18,4,,1,1,,4,5,2,7,,,,,1,2,2,2,12,,,,0,,17,3,1,,7,15,,,14,,23,32,,,,,,47,,,,,,0,,,,,3.157400,3.157400,5.435800,5.435800,khmdmbol7850k3i07yusgpn,lineup_position,valur_kr_2026_05_02_ma2.json,valur_kr_2026_05_02_ma12.json,2026-09-06T22:48:31Z,c4esrbgbv6v715768v2cb676d,F. Schram,c4esrbgbv6v715768v2cb676d,as_supplied_by_opta,,Frederik August Albrecht Schram,50.0,30.43,33.33,7.0,1.4358,,,,
5lx4e2398pagige7rc9ljp0k4,2026-05-02,5,KR,Valur,A,4-1,Halldór Snær Georgsson,H. Georgsson,cdx5akkzjrm6j7erasu8k4hlg,12,Goalkeeper,20,,1,7,2,5,1,,3,21,,,,,,,,,,,,,,,,,,,,8,3,,,,9,,2,,4,,,,1,,,2,,,,3,3,1,,23,1,,7,,1,1,,,,,6,5,,9,14,1,1,90,,,,26,,1,,,,,,,,14,14,3,,2,,,3,2,,2,,,,,,,,,12,,,,0,,21,1,2,,3,14,,2,14,,17,35,,,,,,44,,,,,,0,,,,1,1.844000,1.844000,0.871800,0.871800,629yaod9sjr350jvivp78vwfz,lineup_position,valur_kr_2026_05_02_ma2.json,valur_kr_2026_05_02_ma12.json,2026-09-06T22:48:31Z,cdx5akkzjrm6j7erasu8k4hlg,H. Georgsson,cdx5akkzjrm6j7erasu8k4hlg,as_supplied_by_opta,,Halldór Snær Georgsson,60.0,17.65,100.0,2.0,-0.1282,,,,
5mhk91tay7ggjj74rvs3mrevo,2026-05-03,5,Keflavík,Víkingur R,H,1-3,Ásgeir Orri Magnússon,Ásgeir Orri Magnússon,67iuqfijm1h3db1j85g111rf8,1,Goalkeeper,6,,6,2,2,5,6,,9,12,,,,,,,,,,,,,,,,,,,,10,4,,,,13,,,,3,,,,1,,,3,,,,8,4,1,,22,1,,6,,3,3,,1,,,11,6,,1,18,6,,90,,,,11,,,2,1,1,,,,,13,13,1,,,,,1,2,,2,,,,,,4,2,4,7,,,,0,,7,,3,,8,17,2,2,11,,21,24,,,,,,37,,,,,,0,,,,,0.944100,0.944100,1.591100,1.591100,96h322mg5vnaneem9fjzgvioq,lineup_position,keflavik_vikingur_r_2026_05_03_ma2.json,keflavik_vikingur_r_2026_05_03_ma12.json,2026-09-06T22:48:32Z,67iuqfijm1h3db1j85g111rf8,Ásgeir Orri Magnússon,67iuqfijm1h3db1j85g111rf8,as_supplied_by_opta,,Ásgeir Orri Magnússon,50.0,42.86,33.33,2.0,-1.4089,,,,
5mhk91tay7ggjj74rvs3mrevo,2026-05-03,5,Víkingur R,Keflavík,A,3-1,Ingvar Jónsson,I. Jónsson,5ghzqanbf8v432ekwypz71exh,1,Goalkeeper,11,,3,2,3,,4,,4,14,,,,,,,,,,,,,,,,,,,,5,1,,,,2,,,,8,,,,,,,3,,,,,,1,,8,1,,2,,1,1,,,,,1,,,7,5,3,,45,,,,15,,,1,,,,,,,3,3,1,,4,,,2,,,,,,,,,,,,12,,,,0,,12,,3,,,5,,3,7,,7,17,,1,,,,20,,,,,,0,,,,,0.904800,0.904800,0.798900,0.798900,7gmdb4hmtrz199zv9r66qy9qp,lineup_position,keflavik_vikingur_r_2026_05_03_ma2.json,keflavik_vikingur_r_2026_05_03_ma12.json,2026-09-06T22:48:32Z,5ghzqanbf8v432ekwypz71exh,I. Jónsson,5ghzqanbf8v432ekwypz71exh,as_supplied_by_opta,,Ingvar Jónsson,82.35,57.14,100.0,0.0,-0.2011,,,,
5mhk91tay7ggjj74rvs3mrevo,2026-05-03,5,Víkingur R,Keflavík,A,3-1,Aron Snær Friðriksson,A. Friðriksson,7djiu062df2mock06lrukjw0l,29,Substitute,7,,2,1,,3,4,,5,9,,,,,,,,,,,,,,,,,,,,6,4,,,,4,,1,,2,,,,,,,,,,,2,2,0,,12,,,3,,,,,,,,4,3,,1,7,2,,45,,,,11,,1,,,,,,,,5,5,,,1,,,1,1,1,2,,,,,1,1,1,1,8,,,,0,,7,1,,,2,7,,,6,,10,14,,,1,,,19,,,,,,0,,,,,1.335200,1.335200,0.602000,0.602000,7gmdb4hmtrz199zv9r66qy9qp,player_id_keeper_actions_and_stats,keflavik_vikingur_r_2026_05_03_ma2.json,keflavik_vikingur_r_2026_05_03_ma12.json,2026-09-06T22:48:32Z,7djiu062df2mock06lrukjw0l,A. Friðriksson,7djiu062df2mock06lrukjw0l,as_supplied_by_opta,,Aron Snær Friðriksson,64.29,50.0,33.33,4.0,0.602,,,,
5n0ccibncad01iduicmze8o44,2026-05-03,5,ÍBV,Breidablik,H,1-2,Ari í Haraldsstovu Petersen,A. Petersen,92h0ymqm9kvcav8rvzftpvq0a,33,Goalkeeper,29,,1,3,2,7,1,,3,30,,,,,,,,,,,,,,,,,,,,7,2,,,,9,,,,10,,,,1,,,,,,,2,2,1,,13,1,,3,,2,2,,2,,,6,7,,13,2,1,,90,,,,31,,1,,,,,,,,6,6,1,,2,,,9,1,,1,,,,,,1,1,1,27,,,,0,,33,,,,2,2,2,2,5,,8,35,,,,,,46,,,,,,0,,,,,1.531600,1.531600,1.445800,1.445800,3tlx1zjkgrsdky3abrqe2c9c3,lineup_position,ibv_breidablik_2026_05_03_ma2.json,ibv_breidablik_2026_05_03_ma12.json,2026-09-06T22:48:32Z,92h0ymqm9kvcav8rvzftpvq0a,A. Petersen,92h0ymqm9kvcav8rvzftpvq0a,as_supplied_by_opta,,Ari í Haraldsstovu Petersen,85.71,37.5,100.0,1.0,-0.5542,,,,
5n0ccibncad01iduicmze8o44,2026-05-03,5,Breidablik,ÍBV,A,2-1,Anton Ari Einarsson,A. Einarsson,9zzg49vnaufp7j6yj7pcg6sb9,1,Goalkeeper,15,3,4,,,3,2,,6,19,,,,,,,,,,,,,,,,,,,,11,6,,,,8,,1,,1,,,,1,,,,,1,,1,1,1,,25,1,,1,,1,1,,1,,,6,3,,4,11,4,,90,,,,28,,1,3,,,,,,,15,15,1,,1,,,4,5,,5,,,,,2,,,,17,,,,0,,22,4,,,1,11,1,,13,,20,33,,,,,,43,,,1,1,,0,,,,,1.804400,1.804400,1.986400,1.986400,c6hu27u143y4z4te8b4036bae,lineup_position,ibv_breidablik_2026_05_03_ma2.json,ibv_breidablik_2026_05_03_ma12.json,2026-09-06T22:48:32Z,9zzg49vnaufp7j6yj7pcg6sb9,A. Einarsson,9zzg49vnaufp7j6yj7pcg6sb9,as_supplied_by_opta,,Anton Ari Einarsson,57.58,30.0,0.0,5.0,0.9864,,,,
5o337nehkg11zhxm0htm42yac,2026-05-03,5,FH,Fram,H,3-4,Jökull Andrésson,J. Andrésson,29q6xnzs6z0lnt8ntpiber696,1,Goalkeeper,11,2,1,3,,4,1,,6,12,,,,,,,,,,,,,,,,,,,,11,7,,,,9,,,,2,,,2,3,,1,,,,,3,2,1,,19,1,,4,,4,4,,,,,8,4,1,1,9,1,1,90,,,,15,,,1,,,,,,,10,10,1,,,,,2,2,1,4,,,,,,,,,9,,,,0,,13,3,,,3,9,,1,7,,16,22,,,,1,,31,,,,,,0,,,1,,2.109600,2.109600,2.340100,2.340100,2ci0yr2esa7y4etjvl5vau077,lineup_position,fh_fram_2026_05_03_ma2.json,fh_fram_2026_05_03_ma12.json,2026-09-06T22:48:31Z,29q6xnzs6z0lnt8ntpiber696,J. Andrésson,29q6xnzs6z0lnt8ntpiber696,as_supplied_by_opta,,Jökull Andrésson,54.55,37.5,75.0,4.0,-1.6599,,,,
5o337nehkg11zhxm0htm42yac,2026-05-03,5,Fram,FH,A,4-3,Viktor Freyr Sigurðsson,V. Sigurðsson,ep3hf2ww6epapo978sbn665be,22,Goalkeeper,1,,1,,1,2,1,,1,2,,,,,,,,,,,,,,,,,,,,8,5,,,,7,,1,,3,,,1,1,,,2,,,,12,7,1,,21,1,,3,,3,3,,,,,6,2,,1,19,1,1,90,,,,13,,2,8,2,2,,,,,20,20,1,,1,1,,,1,1,3,,,,,,,,,1,,,,0,,3,,2,,12,19,,1,15,,21,22,,,,,,29,,,,,,0,,,,,1.397100,1.397100,1.926900,1.926900,ta7x6ep3lniyckj6la77zw,lineup_position,fh_fram_2026_05_03_ma2.json,fh_fram_2026_05_03_ma12.json,2026-09-06T22:48:31Z,ep3hf2ww6epapo978sbn665be,V. Sigurðsson,ep3hf2ww6epapo978sbn665be,as_supplied_by_opta,,Viktor Freyr Sigurðsson,9.09,4.76,0.0,3.0,-1.0731,,,,
6mr55i484ibfmunkidyt02k2c,2026-05-03,5,Stjarnan,ÍA,H,1-2,Árni Snær Ólafsson,Á. Ólafsson,7ibfw77zng0sh9dv2h0srauol,12,Goalkeeper,26,5,3,2,,5,1,,5,29,,,,,,,,,,,,,,,,,,,,13,1,,,,9,,1,,5,1,,,,1,1,2,,,,6,4,1,,27,1,1,3,,2,2,,,,,9,5,1,7,10,3,,90,,,,33,,1,1,,,,,,,10,10,,,2,1,,5,2,,2,,,,,1,2,2,2,26,,,,0,,29,6,2,,6,10,,,9,,15,39,,,,1,,50,,,,,,0,,,1,,2.579700,2.579700,1.534100,1.534100,23vg6q15dzr375k6757j06wkq,lineup_position,stjarnan_ia_2026_05_03_ma2.json,stjarnan_ia_2026_05_03_ma12.json,2026-09-06T22:48:31Z,7ibfw77zng0sh9dv2h0srauol,Á. Ólafsson,7ibfw77zng0sh9dv2h0srauol,as_supplied_by_opta,,Árni Snær Ólafsson,74.36,33.33,66.67,2.0,-0.4659,,,,
6mr55i484ibfmunkidyt02k2c,2026-05-03,5,ÍA,Stjarnan,A,2-1,Árni Marinó Einarsson,Á. Einarsson,9dwayhvpts3huz0z8pid94i96,1,Goalkeeper,44,2,5,,,4,3,,9,49,,,,,,,,,,,,,,,,,,,,9,6,,,,10,,,,10,,,1,2,,,,,,,3,2,1,,28,1,,1,,1,1,,1,,,7,4,,18,14,5,1,90,,,,55,,2,,,,,,,,11,11,2,,8,,,14,2,3,5,,,,,,,,,48,,,,0,,46,4,,,3,14,1,,7,,20,60,,,,,,70,,,,,,0,,,,,1.818200,1.818200,1.580000,1.580000,9ar4wcltrggiz60w77e3z56m2,lineup_position,stjarnan_ia_2026_05_03_ma2.json,stjarnan_ia_2026_05_03_ma12.json,2026-09-06T22:48:31Z,9dwayhvpts3huz0z8pid94i96,Á. Einarsson,9dwayhvpts3huz0z8pid94i96,as_supplied_by_opta,,Árni Marinó Einarsson,81.67,45.0,0.0,5.0,0.58,,,,
5on3vikmk3ysidbcfm9a25ono,2026-05-08,6,Víkingur R,Thór,H,6-0,Aron Snær Friðriksson,A. Friðriksson,7djiu062df2mock06lrukjw0l,29,Goalkeeper,21,,1,,1,6,1,,2,22,,,,,,,,,,,,,,,,,,,,5,2,,,,9,,1,,4,,1,,,,,,,,,2,2,1,,20,1,,,,,,,1,,,6,6,,7,7,1,1,90,,,,35,,,1,,,,,,,14,14,2,,2,,,9,3,,3,,,,,,,,,22,,,,0,,29,4,,,2,7,1,1,10,,15,36,,,,,,46,,,,,,0,,,,,1.025100,1.025100,1.006500,1.006500,7gmdb4hmtrz199zv9r66qy9qp,lineup_position,vikingur_r_thor_2026_05_08_ma2.json,vikingur_r_thor_2026_05_08_ma12.json,2026-09-06T22:48:31Z,7djiu062df2mock06lrukjw0l,A. Friðriksson,7djiu062df2mock06lrukjw0l,as_supplied_by_opta,,Aron Snær Friðriksson,61.11,13.33,,3.0,1.0065,,,,
5on3vikmk3ysidbcfm9a25ono,2026-05-08,6,Thór,Víkingur R,A,0-6,Aron Birkir Stefánsson,A. Stefánsson,2vfiu4zekww816g1j3bverill,1,Goalkeeper,16,6,,1,,3,,,5,16,,1,,,,,,,,,,,,,,,,,,18,10,,,,6,,1,,2,,,2,3,1,,,,,,4,4,1,,22,1,,6,,6,6,,,,,6,3,,4,10,,1,90,,,,21,,,2,1,1,,,,,13,13,,,1,,,2,2,3,5,,,,,,,,,15,,,,0,,18,7,,,4,10,,,6,,17,28,,,,,,37,,,,,,0,,,,,4.869200,4.869200,5.983400,5.983400,dys496cnlmowm95ehcfgcrvbm,lineup_position,vikingur_r_thor_2026_05_08_ma2.json,vikingur_r_thor_2026_05_08_ma12.json,2026-09-06T22:48:31Z,2vfiu4zekww816g1j3bverill,A. Stefánsson,2vfiu4zekww816g1j3bverill,as_supplied_by_opta,,Aron Birkir Stefánsson,57.14,29.41,16.67,5.0,-0.0166,,,,
5p5mtrwogj6jhvh7cx4x0xwd0,2026-05-08,6,Fram,Valur,H,3-2,Viktor Freyr Sigurðsson,V. Sigurðsson,ep3hf2ww6epapo978sbn665be,22,Goalkeeper,11,1,3,3,1,6,3,,5,14,,,,,,,,,,,,,,,,,,,,7,3,,,,9,,1,,1,,,,1,,,1,1,,,4,4,1,,12,1,,4,,2,2,,,1,,9,6,,5,9,3,,90,,,,15,,,1,,,,,,,7,7,,,1,,,4,3,1,4,,,,,,1,1,1,10,,,,0,,12,1,1,,4,9,,1,8,,12,21,,,,,,32,,,,,,0,,,,,2.243900,2.243900,1.877200,1.877200,ta7x6ep3lniyckj6la77zw,lineup_position,fram_valur_2026_05_08_ma2.json,fram_valur_2026_05_08_ma12.json,2026-09-06T22:48:31Z,ep3hf2ww6epapo978sbn665be,V. Sigurðsson,ep3hf2ww6epapo978sbn665be,as_supplied_by_opta,,Viktor Freyr Sigurðsson,66.67,41.67,75.0,4.0,-0.1228,,,,
5p5mtrwogj6jhvh7cx4x0xwd0,2026-05-08,6,Valur,Fram,A,2-3,Frederik August Albrecht Schram,F. Schram,c4esrbgbv6v715768v2cb676d,18,Goalkeeper,15,2,4,7,,4,3,,8,19,,,1,,,,,,,,,,,,,,,,,18,7,,,,6,,2,,1,,,,3,,3,3,,,,5,2,1,,16,1,,11,,3,3,,2,,,4,4,1,1,10,4,2,90,,,,12,,3,,,,1,,1,,8,8,,,,2,,10,4,2,6,,,,,,1,1,1,10,,,,0,,17,3,3,,5,10,2,,6,,16,27,,,,1,,44,,,,,1,0,,,,,3.228600,2.440200,2.868800,2.094400,khmdmbol7850k3i07yusgpn,lineup_position,fram_valur_2026_05_08_ma2.json,fram_valur_2026_05_08_ma12.json,2026-09-06T22:48:31Z,c4esrbgbv6v715768v2cb676d,F. Schram,c4esrbgbv6v715768v2cb676d,as_supplied_by_opta,,Frederik August Albrecht Schram,70.37,50.0,63.64,6.0,-0.1312,,,,
5pq9i54fjihjk8kis8wluzr4k,2026-05-08,6,Breidablik,FH,H,3-3,Anton Ari Einarsson,A. Einarsson,9zzg49vnaufp7j6yj7pcg6sb9,1,Goalkeeper,27,4,7,1,,5,4,,10,34,,,1,,,,,,,,,,,,,,,,,13,3,,,,11,,,,9,,,,1,,1,,,,,5,5,1,,28,1,,2,,3,3,,1,,,6,5,,8,12,7,1,90,,,,37,,2,2,,,1,,1,,9,9,4,,4,,,6,3,,3,,,,,,2,2,2,30,,,,0,,30,6,,,5,12,1,,9,,18,42,,,,,,52,,,,,,0,,,,,2.424500,1.636100,2.241300,1.475800,c6hu27u143y4z4te8b4036bae,lineup_position,breidablik_fh_2026_05_08_ma2.json,breidablik_fh_2026_05_08_ma12.json,2026-09-06T22:48:32Z,9zzg49vnaufp7j6yj7pcg6sb9,A. Einarsson,9zzg49vnaufp7j6yj7pcg6sb9,as_supplied_by_opta,,Anton Ari Einarsson,80.95,55.56,50.0,3.0,-0.7587,,,,
5pq9i54fjihjk8kis8wluzr4k,2026-05-08,6,FH,Breidablik,A,3-3,Jökull Andrésson,J. Andrésson,29q6xnzs6z0lnt8ntpiber696,1,Goalkeeper,13,1,,4,,2,,,1,13,,,1,,,,,,,,,,,,,,,,,10,9,,,,6,,3,,4,,,1,1,,1,2,,,,2,1,1,,8,1,,5,,3,3,,1,,,1,2,,2,4,,2,90,,,,11,,,1,,,1,,1,,5,5,4,,,1,,8,4,,4,,,,,,,,,8,,,,0,,14,1,2,,2,4,1,,4,,6,18,,,,,,27,,,,,,0,,,,,2.656200,1.867800,3.063000,2.104300,2ci0yr2esa7y4etjvl5vau077,lineup_position,breidablik_fh_2026_05_08_ma2.json,breidablik_fh_2026_05_08_ma12.json,2026-09-06T22:48:32Z,29q6xnzs6z0lnt8ntpiber696,J. Andrésson,29q6xnzs6z0lnt8ntpiber696,as_supplied_by_opta,,Jökull Andrésson,72.22,16.67,80.0,4.0,0.063,,,,
5qd5my8vt4wtoi9hgbgrlvms4,2026-05-08,6,ÍA,Keflavík,H,1-3,Árni Marinó Einarsson,Á. Einarsson,9dwayhvpts3huz0z8pid94i96,1,Goalkeeper,45,2,4,1,1,3,5,,7,49,,,,,,,,,,,,,,,,,,,,14,4,,,,10,,1,,11,,,2,2,,1,1,,,,5,4,1,,26,1,,1,,3,3,,1,,,5,3,,14,9,4,2,90,,,,52,,,1,,,,,,,8,8,3,1,7,,,16,3,1,4,,,,,1,2,1,2,46,,,,0,,47,2,1,1,5,9,1,1,10,,14,56,,,,,,67,,,1,1,,0,1,,,,1.691800,1.691800,1.882900,1.882900,9ar4wcltrggiz60w77e3z56m2,lineup_position,ia_keflavik_2026_05_08_ma2.json,ia_keflavik_2026_05_08_ma12.json,2026-09-06T22:48:31Z,9dwayhvpts3huz0z8pid94i96,Á. Einarsson,9dwayhvpts3huz0z8pid94i96,as_supplied_by_opta,,Árni Marinó Einarsson,87.5,50.0,100.0,4.0,-1.1171,,,,
5qd5my8vt4wtoi9hgbgrlvms4,2026-05-08,6,Keflavík,ÍA,A,3-1,Ásgeir Orri Magnússon,Ásgeir Orri Magnússon,67iuqfijm1h3db1j85g111rf8,1,Goalkeeper,7,3,9,2,,4,4,,12,16,,,1,1,,,,,,,,,,,,,,,,10,5,,,,9,,1,,4,,,,2,,1,,,,,7,4,1,,23,1,,5,,1,1,,1,,,8,4,,2,16,9,,90,1,,,15,,3,1,,,,,,,10,10,,,2,,,1,4,1,5,,1,,,,4,1,4,8,,,,0,1,10,5,,,7,16,1,,9,,22,26,,,,,,36,,,,,,0,,,,,1.153900,1.153900,1.543500,1.543500,96h322mg5vnaneem9fjzgvioq,lineup_position,ia_keflavik_2026_05_08_ma2.json,ia_keflavik_2026_05_08_ma12.json,2026-09-06T22:48:31Z,67iuqfijm1h3db1j85g111rf8,Ásgeir Orri Magnússon,67iuqfijm1h3db1j85g111rf8,as_supplied_by_opta,,Ásgeir Orri Magnússon,61.54,54.55,40.0,5.0,0.5435,,,,
5qvxopb0ie5865uwi9lexn5sk,2026-05-08,6,Stjarnan,KR,H,2-3,Árni Snær Ólafsson,Á. Ólafsson,7ibfw77zng0sh9dv2h0srauol,12,Goalkeeper,31,8,5,4,2,4,3,,13,36,,,2,,,,,,,,,,,,,,,,,15,7,,,,12,,1,,9,,,1,3,,2,3,,,,15,8,1,,39,1,,6,,3,3,,2,,,8,4,,12,20,5,2,90,,,,44,,1,2,2,,,,,,22,22,2,,6,1,,7,5,2,7,,,,,,3,1,3,29,,,,0,,38,10,3,,15,20,4,2,16,,33,58,,,,,,76,,,,,,0,,,,,2.798100,2.798100,2.726600,2.726600,23vg6q15dzr375k6757j06wkq,lineup_position,stjarnan_kr_2026_05_08_ma2.json,stjarnan_kr_2026_05_08_ma12.json,2026-09-06T22:48:31Z,7ibfw77zng0sh9dv2h0srauol,Á. Ólafsson,7ibfw77zng0sh9dv2h0srauol,as_supplied_by_opta,,Árni Snær Ólafsson,62.07,39.39,66.67,7.0,-0.2734,,,,
5qvxopb0ie5865uwi9lexn5sk,2026-05-08,6,KR,Stjarnan,A,3-2,Halldór Snær Georgsson,H. Georgsson,cdx5akkzjrm6j7erasu8k4hlg,12,Goalkeeper,32,1,3,5,,5,3,,4,35,,1,1,,,,,,,,,,,,,,,,,10,3,,,,11,,1,,8,,,,1,1,1,2,,,,5,5,1,,27,1,,6,,2,2,,,,,7,5,,10,10,3,1,90,,,,35,,1,,,,,,,,8,8,4,,6,,,6,4,1,5,,,,,1,1,1,1,28,,,,0,,33,2,2,,5,10,1,,9,,12,43,,,,,,56,,,,,,0,,,,,1.832600,1.832600,1.453600,1.453600,629yaod9sjr350jvivp78vwfz,lineup_position,stjarnan_kr_2026_05_08_ma2.json,stjarnan_kr_2026_05_08_ma12.json,2026-09-06T22:48:31Z,cdx5akkzjrm6j7erasu8k4hlg,H. Georgsson,cdx5akkzjrm6j7erasu8k4hlg,as_supplied_by_opta,,Halldór Snær Georgsson,81.4,33.33,83.33,5.0,-0.5464,,,,
5rem71kaqu77a5qb67rmafdw4,2026-05-10,6,KA,ÍBV,H,2-0,Steinþór Már Auðunsson,S. Auðunsson,381vrdne8tq32r6gu1hc5dp05,13,Goalkeeper,26,1,1,2,1,1,2,,8,27,,,,,,,,,,,,,,,,,,,,3,6,,,,2,,,,4,,1,,,,,1,,,,,,1,,18,1,,5,,,,,,,,2,1,,4,5,1,,90,,,,28,,1,2,,,,,,,8,8,,,3,,,13,,1,1,,,,,1,,,,23,,,,0,,30,3,1,,,5,,1,5,,16,35,,,,,,38,,,,,,0,,,,,0.379800,0.379800,0.013300,0.013300,4mo70a9j7p2ersbrieg5aw3dg,lineup_position,ka_ibv_2026_05_10_ma2.json,ka_ibv_2026_05_10_ma12.json,2026-09-06T22:48:32Z,381vrdne8tq32r6gu1hc5dp05,S. Auðunsson,381vrdne8tq32r6gu1hc5dp05,as_supplied_by_opta,,Steinþór Már Auðunsson,77.14,50.0,40.0,1.0,0.0133,,,,
5rem71kaqu77a5qb67rmafdw4,2026-05-10,6,ÍBV,KA,A,0-2,Ari í Haraldsstovu Petersen,A. Petersen,92h0ymqm9kvcav8rvzftpvq0a,33,Goalkeeper,33,2,1,2,1,8,,,4,34,,,1,,,,,,,,,,,,,,,,,10,5,,,,10,,,,15,,,,1,,1,2,,1,1,3,3,1,,14,1,,2,,2,1,1,3,,,6,9,,13,7,1,1,90,,,,35,1,1,,,,,,,,8,8,1,,8,1,,13,2,1,3,,,,,,,,,29,,,,0,,34,6,2,,3,6,3,1,2,,10,40,,,,,,58,,,1,1,,0,,,,,1.058800,1.058800,0.519700,0.519700,3tlx1zjkgrsdky3abrqe2c9c3,lineup_position,ka_ibv_2026_05_10_ma2.json,ka_ibv_2026_05_10_ma12.json,2026-09-06T22:48:32Z,92h0ymqm9kvcav8rvzftpvq0a,A. Petersen,92h0ymqm9kvcav8rvzftpvq0a,as_supplied_by_opta,,Ari í Haraldsstovu Petersen,85.0,40.0,100.0,3.0,-0.4803,,,,
5rx3fopl2oe3gjgx1el9pydjo,2026-05-17,7,Thór,ÍA,H,1-2,Aron Birkir Stefánsson,A. Stefánsson,2vfiu4zekww816g1j3bverill,1,Goalkeeper,16,,,2,,6,,,,16,,,,,,,,,,,,,,,,,,,,9,5,,,,12,,1,,5,,,3,3,,,2,,,,9,3,1,,22,1,,3,,2,2,,3,,,8,6,,8,16,,3,90,,,,24,,8,,1,,,,1,1,20,20,1,,1,2,,6,2,1,3,,,,,,,,,13,,,,0,,20,7,2,,9,16,3,,7,,20,36,,,,,,50,,,,,,0,,,,,1.631900,0.843500,1.933100,1.099000,dys496cnlmowm95ehcfgcrvbm,lineup_position,thor_ia_2026_05_17_ma2.json,thor_ia_2026_05_17_ma12.json,2026-09-06T22:48:31Z,2vfiu4zekww816g1j3bverill,A. Stefánsson,2vfiu4zekww816g1j3bverill,as_supplied_by_opta,,Aron Birkir Stefánsson,44.44,0.0,66.67,3.0,-0.0669,,,,
5rx3fopl2oe3gjgx1el9pydjo,2026-05-17,7,ÍA,Thór,A,2-1,Árni Marinó Einarsson,Á. Einarsson,9dwayhvpts3huz0z8pid94i96,1,Goalkeeper,7,2,1,1,,3,1,,2,8,,,1,,,,,,,,,,,,,,,,,13,5,,,,10,,,,,,,,2,,1,,,,,,,1,,11,1,,1,,1,1,,1,,,7,3,,4,7,1,,90,,,,11,,,1,,,,,,,8,8,2,,,,,1,4,,4,,,,,,,,,6,,,,0,,9,3,,,,7,1,,5,,10,16,,,,,,24,,,,,,0,,,,,1.138600,1.138600,2.442000,2.442000,9ar4wcltrggiz60w77e3z56m2,lineup_position,thor_ia_2026_05_17_ma2.json,thor_ia_2026_05_17_ma12.json,2026-09-06T22:48:31Z,9dwayhvpts3huz0z8pid94i96,Á. Einarsson,9dwayhvpts3huz0z8pid94i96,as_supplied_by_opta,,Árni Marinó Einarsson,50.0,20.0,100.0,4.0,1.442,,,,
5sfod7t8jgyd344d29gj6vpqs,2026-05-17,7,ÍBV,Víkingur R,H,0-2,Ari í Haraldsstovu Petersen,A. Petersen,92h0ymqm9kvcav8rvzftpvq0a,33,Goalkeeper,36,1,,6,,3,3,,4,36,,,,,,,,,,,,,,,,,,,,4,7,,,,13,,,,6,,,,1,,,1,,1,,1,1,1,,22,1,,6,,2,1,1,,,,10,3,,9,3,,1,90,,,,36,,1,,,,,,,,8,8,3,,3,1,,13,,3,4,,,,,,,,,29,,,,0,,41,4,1,,1,3,,,7,,12,44,,,,,,52,,,,,,0,,,,,0.534100,0.534100,1.808500,1.808500,3tlx1zjkgrsdky3abrqe2c9c3,lineup_position,ibv_vikingur_r_2026_05_17_ma2.json,ibv_vikingur_r_2026_05_17_ma12.json,2026-09-06T22:48:32Z,92h0ymqm9kvcav8rvzftpvq0a,A. Petersen,92h0ymqm9kvcav8rvzftpvq0a,as_supplied_by_opta,,Ari í Haraldsstovu Petersen,81.82,33.33,100.0,4.0,-0.1915,,,,
5sfod7t8jgyd344d29gj6vpqs,2026-05-17,7,Víkingur R,ÍBV,A,2-0,Aron Snær Friðriksson,A. Friðriksson,7djiu062df2mock06lrukjw0l,29,Goalkeeper,20,1,1,,,3,2,,3,21,,,,,,,,,,,,,,,,,,,,2,1,,,,7,,,,5,,1,,,,1,,,,,2,2,1,,18,1,,,,,,,,,,5,3,1,7,6,1,,90,,,,32,,,,,,,,,,12,12,2,,2,,,8,,,,,,,,,,,,21,,,,0,,27,3,,,2,6,,,12,,14,33,,,,1,,37,,,,,,0,,,,,0.134400,0.134400,0,0,7gmdb4hmtrz199zv9r66qy9qp,lineup_position,ibv_vikingur_r_2026_05_17_ma2.json,ibv_vikingur_r_2026_05_17_ma12.json,2026-09-06T22:48:32Z,7djiu062df2mock06lrukjw0l,A. Friðriksson,7djiu062df2mock06lrukjw0l,as_supplied_by_opta,,Aron Snær Friðriksson,63.64,21.43,,0.0,0.0,expectedGoalsontargetConceded|expectedGoalsontargetNonpenaltyConceded,,,
5t052l9m427r9o8kxqbgxnaj8,2026-05-17,7,FH,KA,H,1-2,Jökull Andrésson,J. Andrésson,29q6xnzs6z0lnt8ntpiber696,1,Goalkeeper,9,,3,6,,4,3,,4,12,,,1,,,,,,,,,,,,,,,,,7,8,,,,6,,,,,,,1,1,,1,1,,,,5,2,1,,19,1,,11,,2,1,1,1,,,5,4,,6,14,3,1,90,,,,10,,3,,1,,,,,,14,14,,,,1,,1,1,1,2,,,,,,1,,1,4,1,,,0,,12,,1,,5,14,1,,12,,18,26,,,,,,34,,,,,,0,,,,,1.650600,1.650600,1.686100,1.686100,2ci0yr2esa7y4etjvl5vau077,lineup_position,fh_ka_2026_05_17_ma2.json,fh_ka_2026_05_17_ma12.json,2026-09-06T22:48:31Z,29q6xnzs6z0lnt8ntpiber696,J. Andrésson,29q6xnzs6z0lnt8ntpiber696,as_supplied_by_opta,,Jökull Andrésson,46.15,22.22,54.55,2.0,-0.3139,,,,
5t052l9m427r9o8kxqbgxnaj8,2026-05-17,7,KA,FH,A,2-1,Steinþór Már Auðunsson,S. Auðunsson,381vrdne8tq32r6gu1hc5dp05,13,Goalkeeper,14,3,8,6,,4,2,,9,22,,,,,,,,,,,,,,,,,,,,9,8,,,,8,,3,,3,,,,,,1,,,,,8,3,1,,23,1,,8,,1,1,,2,,,4,4,,1,15,8,1,90,,,,16,,2,6,1,,,,,,7,7,2,,2,,,5,3,1,4,,,,1,1,2,1,2,13,,,,0,,14,5,,,8,15,2,,4,,16,29,,,,,,40,,,,,1,0,,,,1,2.282700,2.282700,2.565900,2.565900,4mo70a9j7p2ersbrieg5aw3dg,lineup_position,fh_ka_2026_05_17_ma2.json,fh_ka_2026_05_17_ma12.json,2026-09-06T22:48:31Z,381vrdne8tq32r6gu1hc5dp05,S. Auðunsson,381vrdne8tq32r6gu1hc5dp05,as_supplied_by_opta,,Steinþór Már Auðunsson,75.86,56.25,75.0,4.0,1.5659,,,,
5tis3mhb7iomyd45sflwboahg,2026-05-17,7,Keflavík,Stjarnan,H,1-1,Ásgeir Orri Magnússon,Ásgeir Orri Magnússon,67iuqfijm1h3db1j85g111rf8,1,Goalkeeper,10,,5,3,2,12,2,,7,15,,,,,,,,,,,,,,,,,,,,12,2,,,,16,,2,,4,,,,2,,1,1,,,,4,3,1,,18,1,2,4,,1,1,,1,,,15,12,,4,14,6,,90,,,,14,,1,3,,,,,,,8,8,,,,,,1,5,,5,,,,1,,1,1,1,9,,,,0,,10,,1,,4,13,1,2,8,,15,23,,,,,,45,,,,,1,0,,,,,2.389000,2.389000,1.905000,1.905000,96h322mg5vnaneem9fjzgvioq,lineup_position,keflavik_stjarnan_2026_05_17_ma2.json,keflavik_stjarnan_2026_05_17_ma12.json,2026-09-06T22:48:32Z,67iuqfijm1h3db1j85g111rf8,Ásgeir Orri Magnússon,67iuqfijm1h3db1j85g111rf8,as_supplied_by_opta,,Ásgeir Orri Magnússon,65.22,46.67,75.0,5.0,0.905,,,,
5tis3mhb7iomyd45sflwboahg,2026-05-17,7,Stjarnan,Keflavík,A,1-1,Árni Snær Ólafsson,Á. Ólafsson,7ibfw77zng0sh9dv2h0srauol,12,Goalkeeper,14,2,6,1,,11,4,,7,20,,,2,,,,,,,,,,,,,,,,,14,6,,,,17,,3,,4,,,,1,,2,1,,,,6,6,1,,21,1,,3,,1,1,,1,,,14,11,,7,13,6,,90,,,,22,,3,,,,,,,,10,10,2,,2,1,,2,6,2,8,,,,1,,4,4,4,16,,,,0,,17,2,1,,6,13,2,,10,,17,30,,,,,,52,,,,,,0,,,,,2.084800,2.084800,2.196500,2.196500,23vg6q15dzr375k6757j06wkq,lineup_position,keflavik_stjarnan_2026_05_17_ma2.json,keflavik_stjarnan_2026_05_17_ma12.json,2026-09-06T22:48:32Z,7ibfw77zng0sh9dv2h0srauol,Á. Ólafsson,7ibfw77zng0sh9dv2h0srauol,as_supplied_by_opta,,Árni Snær Ólafsson,66.67,41.18,33.33,8.0,1.1965,,,,
5u1s01z8c0hby3bnfjak9usr8,2026-05-17,7,Valur,Breidablik,H,3-2,Frederik August Albrecht Schram,F. Schram,c4esrbgbv6v715768v2cb676d,18,Goalkeeper,19,1,4,8,1,5,,,5,23,,,,,,,,,,,,,,,,,,,,16,6,,,,7,,,,5,,,,1,,,3,,,,6,2,1,,18,1,,13,,2,1,1,,,,6,5,,9,13,4,,90,,,,17,,4,1,1,,,,,,10,10,1,,,1,,6,4,1,5,,,,,,1,1,1,13,,,,0,,20,1,3,,6,13,,1,5,,15,33,,,,,,46,,,,,,0,,,,,1.416900,1.416900,1.312500,1.312500,khmdmbol7850k3i07yusgpn,lineup_position,valur_breidablik_2026_05_17_ma2.json,valur_breidablik_2026_05_17_ma12.json,2026-09-06T22:48:32Z,c4esrbgbv6v715768v2cb676d,F. Schram,c4esrbgbv6v715768v2cb676d,as_supplied_by_opta,,Frederik August Albrecht Schram,69.7,33.33,61.54,5.0,-0.6875,,,,
5u1s01z8c0hby3bnfjak9usr8,2026-05-17,7,Breidablik,Valur,A,2-3,Anton Ari Einarsson,A. Einarsson,9zzg49vnaufp7j6yj7pcg6sb9,1,Goalkeeper,27,3,1,7,,6,,,3,28,,,,,,,,,,,,,,,,,,,,12,6,,,,11,,1,,10,,,,1,,,,,,,3,2,1,,17,1,,7,,3,3,,,,,7,6,,15,10,1,1,90,,,,28,1,1,1,,,,,,,10,10,4,,6,,,6,4,,4,,,,,,,,,20,,,,0,,28,5,,,3,10,,,7,,13,38,,,,,,48,,,,,,0,,,,,1.649800,1.649800,2.704200,2.704200,c6hu27u143y4z4te8b4036bae,lineup_position,valur_breidablik_2026_05_17_ma2.json,valur_breidablik_2026_05_17_ma12.json,2026-09-06T22:48:32Z,9zzg49vnaufp7j6yj7pcg6sb9,A. Einarsson,9zzg49vnaufp7j6yj7pcg6sb9,as_supplied_by_opta,,Anton Ari Einarsson,73.68,23.08,100.0,4.0,0.7042,,,,
5ukg1obkqxeqht5kuk0jqpmvo,2026-05-17,7,KR,Fram,H,2-2,Halldór Snær Georgsson,H. Georgsson,cdx5akkzjrm6j7erasu8k4hlg,12,Goalkeeper,48,1,2,12,,10,,,2,50,,,2,,,,,,,,,,,,,,,,,11,5,,,,16,,,,6,,,1,3,,3,4,,1,,3,3,1,,30,1,,12,,2,2,,1,,,10,10,,24,7,2,1,90,,,,43,,,,1,1,,,,,9,9,5,,4,2,,4,3,2,5,,,,,,1,1,1,35,,,,0,,51,2,4,,3,7,1,,5,,8,58,,,,,,80,,,1,1,1,0,,,,,1.107900,1.107900,2.004000,2.004000,629yaod9sjr350jvivp78vwfz,lineup_position,kr_fram_2026_05_17_ma2.json,kr_fram_2026_05_17_ma12.json,2026-09-06T22:48:31Z,cdx5akkzjrm6j7erasu8k4hlg,H. Georgsson,cdx5akkzjrm6j7erasu8k4hlg,as_supplied_by_opta,,Halldór Snær Georgsson,86.21,25.0,100.0,5.0,0.004,,,,
5ukg1obkqxeqht5kuk0jqpmvo,2026-05-17,7,Fram,KR,A,2-2,Viktor Freyr Sigurðsson,V. Sigurðsson,ep3hf2ww6epapo978sbn665be,22,Goalkeeper,10,2,11,2,1,3,10,,14,21,,,,1,,,,,,,,,,,,,,,,8,3,,,,14,,,1,6,,,2,3,,,3,,,,14,11,1,,32,1,1,2,,2,2,,,,,10,3,,3,26,11,1,90,1,,,29,,2,10,1,1,,,,,16,16,4,,,2,1,2,1,2,3,,1,,,,5,2,5,16,,,1,0,1,11,2,3,,14,26,,1,24,,30,37,,,,,,48,,,,,,0,,,,,0.925700,0.925700,1.739600,1.739600,ta7x6ep3lniyckj6la77zw,lineup_position,kr_fram_2026_05_17_ma2.json,kr_fram_2026_05_17_ma12.json,2026-09-06T22:48:31Z,ep3hf2ww6epapo978sbn665be,V. Sigurðsson,ep3hf2ww6epapo978sbn665be,as_supplied_by_opta,,Viktor Freyr Sigurðsson,56.76,46.67,100.0,3.0,-0.2604,,,,
5v2uffl83dqa9epx1jz6x1qms,2026-05-21,8,ÍA,ÍBV,H,2-2,Jón Sölvi Símonarson,J. Símonarson,dvgli93iyhzu9t5slbbxts178,37,Goalkeeper,19,2,5,5,2,2,3,,6,24,,,,,,,,,,,,,,,,,,,,7,5,,,,9,,1,,5,,,,1,,1,3,,,1,3,2,1,,20,1,1,8,,2,2,,,,,9,3,,5,11,5,,90,,,,22,,2,2,,,,,,,8,8,,,2,,,6,1,1,2,,,,,,2,1,2,18,,,,0,,20,4,3,,3,11,,3,5,,13,31,,,,1,,41,,,,,,0,,,1,,1.681200,1.681200,2.223600,2.223600,9ar4wcltrggiz60w77e3z56m2,lineup_position,ia_ibv_2026_05_21_ma2.json,ia_ibv_2026_05_21_ma12.json,2026-09-06T22:48:32Z,dvgli93iyhzu9t5slbbxts178,J. Símonarson,dvgli93iyhzu9t5slbbxts178,as_supplied_by_opta,,Jón Sölvi Símonarson,77.42,46.15,62.5,2.0,0.2236,,,,
5v2uffl83dqa9epx1jz6x1qms,2026-05-21,8,ÍBV,ÍA,A,2-2,Ari í Haraldsstovu Petersen,A. Petersen,92h0ymqm9kvcav8rvzftpvq0a,33,Goalkeeper,20,2,5,4,1,5,1,,5,25,,1,1,,,,,,,,,,,,,,,,,10,6,,,,8,,1,,4,,,,,1,1,3,1,,1,4,3,1,,18,1,,5,,2,,2,3,1,,5,6,,3,9,5,,90,,,,26,,3,2,,,,,,,7,7,,,2,,1,10,1,1,2,,,,,,1,1,1,21,,,,0,,22,3,3,,4,9,3,1,5,,11,31,,,,,,45,,,,,,0,,,,,1.009400,1.009400,1.514800,1.514800,3tlx1zjkgrsdky3abrqe2c9c3,lineup_position,ia_ibv_2026_05_21_ma2.json,ia_ibv_2026_05_21_ma12.json,2026-09-06T22:48:32Z,92h0ymqm9kvcav8rvzftpvq0a,A. Petersen,92h0ymqm9kvcav8rvzftpvq0a,as_supplied_by_opta,,Ari í Haraldsstovu Petersen,80.65,45.45,80.0,2.0,-0.4852,,,,
5vm79u6qd164mj9lzccgx48pg,2026-05-22,8,KA,Valur,H,0-1,Steinþór Már Auðunsson,S. Auðunsson,381vrdne8tq32r6gu1hc5dp05,13,Goalkeeper,34,1,2,9,,7,1,,3,36,,,,,,,,,,,,,,,,,,,,6,7,,,,9,,,,5,,,,,,,1,,,,2,2,1,,23,1,,9,,1,1,,,,,7,7,,10,3,2,1,90,,,,27,,1,,1,1,,,,,1,1,2,,4,,,4,1,1,2,,,,1,,1,1,1,26,,,,0,,34,1,1,,2,3,,,2,,4,37,,,,,,47,,,,,,0,,,,,1.318800,1.318800,0.942800,0.942800,4mo70a9j7p2ersbrieg5aw3dg,lineup_position,ka_valur_2026_05_22_ma2.json,ka_valur_2026_05_22_ma12.json,2026-09-06T22:48:31Z,381vrdne8tq32r6gu1hc5dp05,S. Auðunsson,381vrdne8tq32r6gu1hc5dp05,as_supplied_by_opta,,Steinþór Már Auðunsson,97.3,75.0,100.0,2.0,-0.0572,,,,
5vm79u6qd164mj9lzccgx48pg,2026-05-22,8,Valur,KA,A,1-0,Frederik August Albrecht Schram,F. Schram,c4esrbgbv6v715768v2cb676d,18,Goalkeeper,32,1,5,10,1,8,2,,6,37,,,1,,,,,,,,,,,,,,,,,10,9,,,,13,,,,4,,1,,1,,1,3,,,,14,1,1,,30,1,,18,,,,,1,,,11,8,,8,20,5,1,90,,,,27,,7,2,2,,,,,,16,16,1,,,1,,15,2,2,4,,,,,,4,1,4,24,1,,,0,,33,2,3,,14,20,1,1,6,,22,53,,,,,,69,,,,,,0,,,,,0.965100,0.965100,0.553500,0.553500,khmdmbol7850k3i07yusgpn,lineup_position,ka_valur_2026_05_22_ma2.json,ka_valur_2026_05_22_ma12.json,2026-09-06T22:48:31Z,c4esrbgbv6v715768v2cb676d,F. Schram,c4esrbgbv6v715768v2cb676d,as_supplied_by_opta,,Frederik August Albrecht Schram,69.81,27.27,55.56,4.0,0.5535,,,,
5waeqvr2fnc77ek7dbsezmvx0,2026-05-22,8,Keflavík,Thór,H,1-0,Ásgeir Orri Magnússon,Ásgeir Orri Magnússon,67iuqfijm1h3db1j85g111rf8,1,Goalkeeper,16,2,4,3,3,7,2,,6,20,,,,,,,,,,,,,,,,,,,1,7,3,,,,11,,,,5,,1,,2,1,,4,,,,2,2,1,1,19,1,,7,,,,,2,,,7,8,,8,11,4,,90,,,,21,,,,,,,1,1,,12,12,2,,,2,,3,2,,2,,,,,,,,,16,,,,0,,19,3,4,,2,11,2,4,6,,14,30,,,,,,48,,,,,,0,,,,1,1.337400,0.549000,0.054200,0.054200,96h322mg5vnaneem9fjzgvioq,lineup_position,keflavik_thor_2026_05_22_ma2.json,keflavik_thor_2026_05_22_ma12.json,2026-09-06T22:48:32Z,67iuqfijm1h3db1j85g111rf8,Ásgeir Orri Magnússon,67iuqfijm1h3db1j85g111rf8,as_supplied_by_opta,,Ásgeir Orri Magnússon,66.67,42.86,42.86,2.0,0.0542,,,,
5waeqvr2fnc77ek7dbsezmvx0,2026-05-22,8,Thór,Keflavík,A,0-1,Aron Birkir Stefánsson,A. Stefánsson,2vfiu4zekww816g1j3bverill,1,Goalkeeper,16,1,4,4,,3,4,,6,20,,1,1,,,,,,,,,,,,,,,,,16,3,,,,9,,1,,1,,,1,3,1,1,3,,,,11,8,1,,26,1,,11,,1,1,,1,,,4,3,,5,21,5,1,90,,,,24,,9,1,,,,,,,18,18,4,,,2,,7,3,,3,,,,,,3,1,3,14,,,,0,,18,5,3,,11,20,1,,10,,24,38,,,,,,48,,,,,,0,,,,,2.572200,2.572200,1.225600,1.225600,dys496cnlmowm95ehcfgcrvbm,lineup_position,keflavik_thor_2026_05_22_ma2.json,keflavik_thor_2026_05_22_ma12.json,2026-09-06T22:48:32Z,2vfiu4zekww816g1j3bverill,A. Stefánsson,2vfiu4zekww816g1j3bverill,as_supplied_by_opta,,Aron Birkir Stefánsson,52.63,25.0,36.36,3.0,0.2256,,,,
5wt5uajrfqnpxbyfah4s39250,2026-05-22,8,Víkingur R,FH,H,5-0,Aron Snær Friðriksson,A. Friðriksson,7djiu062df2mock06lrukjw0l,29,Goalkeeper,22,1,1,2,2,,,,2,23,,,1,,,,,,,,,,,,,,,,,,2,,,,4,,,,8,,1,,,,1,2,,,,3,2,1,,13,1,,3,,,,,,,,2,,,7,4,1,,90,,,,22,,1,1,,,,,,,3,3,2,,2,1,,6,,,,,,,,,1,1,1,21,,,,0,,22,2,2,,3,4,1,2,,,5,26,,,,,,29,,,,,,0,,,,,0.036500,0.036500,0,0,7gmdb4hmtrz199zv9r66qy9qp,lineup_position,vikingur_r_fh_2026_05_22_ma2.json,vikingur_r_fh_2026_05_22_ma12.json,2026-09-06T22:48:31Z,7djiu062df2mock06lrukjw0l,A. Friðriksson,7djiu062df2mock06lrukjw0l,as_supplied_by_opta,,Aron Snær Friðriksson,88.46,40.0,66.67,0.0,0.0,expectedGoalsontargetConceded|expectedGoalsontargetNonpenaltyConceded,,,
5wt5uajrfqnpxbyfah4s39250,2026-05-22,8,FH,Víkingur R,A,0-5,Jökull Andrésson,J. Andrésson,29q6xnzs6z0lnt8ntpiber696,1,Goalkeeper,10,5,4,4,1,6,1,,9,14,,,1,,,,,,,,,,,,,,,,,20,11,,,,10,,1,1,3,1,,3,4,1,1,4,,,,5,1,1,,23,1,,13,,5,4,1,,,,10,6,,3,17,4,3,90,,,,14,,,5,,,,,,,17,17,,,,2,1,5,2,4,6,,,,,,,,,8,,,1,0,,14,7,4,,5,17,,1,6,,26,31,,,,,,51,,,,,1,0,,,,,5.402200,5.402200,3.922800,3.922800,2ci0yr2esa7y4etjvl5vau077,lineup_position,vikingur_r_fh_2026_05_22_ma2.json,vikingur_r_fh_2026_05_22_ma12.json,2026-09-06T22:48:31Z,29q6xnzs6z0lnt8ntpiber696,J. Andrésson,29q6xnzs6z0lnt8ntpiber696,as_supplied_by_opta,,Jökull Andrésson,45.16,34.62,30.77,6.0,-1.0772,,,,
5xe2wgyxhalrwyitk2d3ypi50,2026-05-22,8,Stjarnan,Fram,H,0-1,Árni Snær Ólafsson,Á. Ólafsson,7ibfw77zng0sh9dv2h0srauol,12,Goalkeeper,43,3,4,4,,2,1,,4,47,,,1,,,,,,,,,,,,,,,,,13,7,,,,8,,3,,15,,,1,2,,2,,,,2,15,13,1,,41,1,,4,,1,1,,1,,,5,2,,12,18,4,1,90,,,,56,,3,2,1,1,,,,,17,17,2,,11,,,11,5,,5,,,,,,3,2,3,40,,,,0,,46,10,,1,15,18,1,,9,,19,64,,,,,,73,,,,,,0,1,,,,2.447900,2.447900,1.679000,1.679000,23vg6q15dzr375k6757j06wkq,lineup_position,stjarnan_fram_2026_05_22_ma2.json,stjarnan_fram_2026_05_22_ma12.json,2026-09-06T22:48:31Z,7ibfw77zng0sh9dv2h0srauol,Á. Ólafsson,7ibfw77zng0sh9dv2h0srauol,as_supplied_by_opta,,Árni Snær Ólafsson,73.44,21.05,100.0,5.0,0.679,,,,
5xe2wgyxhalrwyitk2d3ypi50,2026-05-22,8,Fram,Stjarnan,A,1-0,Viktor Freyr Sigurðsson,V. Sigurðsson,ep3hf2ww6epapo978sbn665be,22,Goalkeeper,8,,1,2,,5,,,1,9,,,,,,,,,,,,,,,,,,,,6,5,,,,13,,,,3,,1,1,1,,,2,,,,5,3,1,,18,1,,3,,,,,1,,,9,5,,6,15,1,1,90,,,,19,,1,6,,,,,,,17,17,3,,3,1,,2,2,1,3,,,,,,,,,6,,,,0,,11,4,2,,5,15,2,,10,,18,26,,,,,,38,,,,,,0,,,,,0.926600,0.926600,1.442200,1.442200,ta7x6ep3lniyckj6la77zw,lineup_position,stjarnan_fram_2026_05_22_ma2.json,stjarnan_fram_2026_05_22_ma12.json,2026-09-06T22:48:31Z,ep3hf2ww6epapo978sbn665be,V. Sigurðsson,ep3hf2ww6epapo978sbn665be,as_supplied_by_opta,,Viktor Freyr Sigurðsson,34.62,5.56,66.67,3.0,1.4422,,,,
5xysuu5mmphlqpf7z6tl93aqc,2026-05-22,8,Breidablik,KR,H,6-3,Anton Ari Einarsson,A. Einarsson,9zzg49vnaufp7j6yj7pcg6sb9,1,Goalkeeper,17,1,1,,,2,2,,3,18,,,,,,,,,,,,,,,,,,,,12,6,,,,8,,1,,6,,,,1,,,,,1,,6,4,1,,26,1,,,,3,3,,,,,6,2,,5,14,1,1,90,,,,28,,2,2,1,1,1,,1,,14,14,2,,4,,,1,3,,3,,,,,,,,,18,,,,0,,18,2,,,6,14,,,11,,16,32,,,,,,38,,,,,,0,,,,,2.764300,1.975900,4.323200,3.399700,c6hu27u143y4z4te8b4036bae,lineup_position,breidablik_kr_2026_05_22_ma2.json,breidablik_kr_2026_05_22_ma12.json,2026-09-06T22:48:32Z,9zzg49vnaufp7j6yj7pcg6sb9,A. Einarsson,9zzg49vnaufp7j6yj7pcg6sb9,as_supplied_by_opta,,Anton Ari Einarsson,56.25,18.75,,3.0,1.3232,,,,
5xysuu5mmphlqpf7z6tl93aqc,2026-05-22,8,KR,Breidablik,A,3-6,Halldór Snær Georgsson,H. Georgsson,cdx5akkzjrm6j7erasu8k4hlg,12,Goalkeeper,71,4,7,6,3,5,2,,7,78,,,,,,,,,,,,,,,,,,,,14,1,,,,10,,2,1,23,,,2,3,,,4,,,,8,8,1,,43,1,,7,,6,6,,,,,6,5,,33,13,7,2,90,,,,78,,4,1,,,,,,,8,8,4,,13,,1,10,3,,3,,,,,,3,3,3,71,,,1,0,,73,8,4,,8,13,,3,5,,14,86,,,,,,99,,,,,,0,,,,,3.294100,3.294100,4.831300,4.831300,629yaod9sjr350jvivp78vwfz,lineup_position,breidablik_kr_2026_05_22_ma2.json,breidablik_kr_2026_05_22_ma12.json,2026-09-06T22:48:32Z,cdx5akkzjrm6j7erasu8k4hlg,H. Georgsson,cdx5akkzjrm6j7erasu8k4hlg,as_supplied_by_opta,,Halldór Snær Georgsson,90.7,50.0,85.71,3.0,-1.1687,,,,
5yhgdhagjvjdlldme3bef8c2c,2026-05-26,14,Stjarnan,Víkingur R,H,1-3,Árni Snær Ólafsson,Á. Ólafsson,7ibfw77zng0sh9dv2h0srauol,12,Goalkeeper,37,3,5,11,,6,,,5,42,,,,,,,,,,,,,,,,,,,1,14,7,,,,12,,1,,5,,,,1,1,1,1,,,,2,1,1,1,23,1,,12,,3,3,,,,,11,6,,16,11,5,3,90,,,,35,,4,,1,1,1,1,1,,9,9,1,,3,1,,12,3,2,5,,,,,,1,,1,27,,,,0,,40,6,1,,2,11,,,5,,14,51,,,,,,64,,,,,1,0,,1,,,3.299500,2.511100,3.182700,2.317300,23vg6q15dzr375k6757j06wkq,lineup_position,stjarnan_vikingur_r_2026_05_26_ma2.json,stjarnan_vikingur_r_2026_05_26_ma12.json,2026-09-06T22:48:31Z,7ibfw77zng0sh9dv2h0srauol,Á. Ólafsson,7ibfw77zng0sh9dv2h0srauol,as_supplied_by_opta,,Árni Snær Ólafsson,82.35,35.71,91.67,5.0,0.1827,,,,
5yhgdhagjvjdlldme3bef8c2c,2026-05-26,14,Víkingur R,Stjarnan,A,3-1,Aron Snær Friðriksson,A. Friðriksson,7djiu062df2mock06lrukjw0l,29,Goalkeeper,18,4,3,1,1,1,3,,7,21,,,,,,,,,,,,,,,,,,,,1,4,,,,5,,,,7,,,,,,,1,,,,5,2,1,,14,1,,1,,1,,1,,,,4,1,,7,6,3,,90,,,,20,,,3,,,,,,,3,3,1,,2,,,3,,,,,,,,,2,,2,18,,,,0,,18,4,1,,5,6,,1,5,,10,24,,,,,,26,,,,,,0,,,,,0.218900,0.218900,0.054800,0.054800,7gmdb4hmtrz199zv9r66qy9qp,lineup_position,stjarnan_vikingur_r_2026_05_26_ma2.json,stjarnan_vikingur_r_2026_05_26_ma12.json,2026-09-06T22:48:31Z,7djiu062df2mock06lrukjw0l,A. Friðriksson,7djiu062df2mock06lrukjw0l,as_supplied_by_opta,,Aron Snær Friðriksson,87.5,70.0,100.0,0.0,-0.9452,,,,
5z0iw9ey7mupyhswas7wg134k,2026-05-26,16,KR,Valur,H,3-1,Halldór Snær Georgsson,H. Georgsson,cdx5akkzjrm6j7erasu8k4hlg,12,Goalkeeper,45,6,2,5,1,6,2,,4,47,,,1,,,,,,,,,,,,,,,,,10,2,,,,10,,1,,8,,,,,,1,3,,,,4,4,1,,34,1,,5,,1,1,,,,,7,6,,16,10,2,,90,,,,54,,,3,1,1,1,,1,,13,13,3,,4,2,1,10,2,,2,,,,,,,,,41,,,,0,,50,11,3,,4,10,,1,9,,17,60,,,,,,71,,,,,,0,,,,,2.258600,1.470200,1.238900,0.473600,629yaod9sjr350jvivp78vwfz,lineup_position,kr_valur_2026_05_26_ma2.json,kr_valur_2026_05_26_ma12.json,2026-09-06T22:48:31Z,cdx5akkzjrm6j7erasu8k4hlg,H. Georgsson,cdx5akkzjrm6j7erasu8k4hlg,as_supplied_by_opta,,Halldór Snær Georgsson,78.33,23.53,100.0,2.0,0.2389,,,,
5z0iw9ey7mupyhswas7wg134k,2026-05-26,16,Valur,KR,A,1-3,Frederik August Albrecht Schram,F. Schram,c4esrbgbv6v715768v2cb676d,18,Goalkeeper,24,2,7,8,1,2,7,,13,31,,,,,,,,,,,,,,,,,,,,13,14,,,,6,,1,,9,,,2,4,,,4,,,,10,6,1,,44,1,,14,,3,1,2,,,,5,2,,7,28,7,1,90,,,,40,,4,4,3,2,,,,,30,30,1,,2,1,,9,2,3,5,,,,,,1,,1,22,1,,,0,,32,6,4,,10,28,,1,23,,42,60,,,,,,72,,,,,,0,,,,,2.801900,2.801900,2.745400,2.745400,khmdmbol7850k3i07yusgpn,lineup_position,kr_valur_2026_05_26_ma2.json,kr_valur_2026_05_26_ma12.json,2026-09-06T22:48:31Z,c4esrbgbv6v715768v2cb676d,F. Schram,c4esrbgbv6v715768v2cb676d,as_supplied_by_opta,,Frederik August Albrecht Schram,51.67,30.95,57.14,5.0,-0.2546,,,,
5zjkiizue9zhwif8zwd69hhxw,2026-05-29,9,FH,ÍA,H,0-1,Jökull Andrésson,J. Andrésson,29q6xnzs6z0lnt8ntpiber696,1,Goalkeeper,14,,,4,,6,1,,2,14,,1,,,,,,,,,,,,,,,,,,7,6,,,,13,,1,,,,,1,2,1,,,,,,2,2,1,,15,1,,4,,1,1,,1,,,10,7,,2,9,,1,90,,,,19,,,2,,,,,,,12,12,2,,,,,8,2,,2,,,,,,,,,9,,,,0,,16,,,,2,9,1,,11,,12,25,,,,,,35,,,,,,0,,,,,1.315000,1.315000,1.087300,1.087300,2ci0yr2esa7y4etjvl5vau077,lineup_position,fh_ia_2026_05_29_ma2.json,fh_ia_2026_05_29_ma12.json,2026-09-06T22:48:31Z,29q6xnzs6z0lnt8ntpiber696,J. Andrésson,29q6xnzs6z0lnt8ntpiber696,as_supplied_by_opta,,Jökull Andrésson,56.0,16.67,100.0,2.0,0.0873,,1,,
5zjkiizue9zhwif8zwd69hhxw,2026-05-29,9,ÍA,FH,A,1-0,Jón Sölvi Símonarson,J. Símonarson,dvgli93iyhzu9t5slbbxts178,37,Goalkeeper,7,2,5,3,,7,3,,7,12,,,1,,,,,,,,,,,,,,,,,7,7,,,,8,,,,5,,1,1,1,,1,3,,,,4,3,1,,24,1,,4,,,,,1,,,7,7,,,14,5,3,90,,,,20,,,2,,,,,,,13,13,,,2,2,,1,,1,1,,,,,,2,2,2,9,,,,0,,11,5,3,,4,14,2,,12,,20,25,,,,,,38,,,,,,0,,,,,0.782700,0.782700,0.381800,0.381800,9ar4wcltrggiz60w77e3z56m2,lineup_position,fh_ia_2026_05_29_ma2.json,fh_ia_2026_05_29_ma12.json,2026-09-06T22:48:31Z,dvgli93iyhzu9t5slbbxts178,J. Símonarson,dvgli93iyhzu9t5slbbxts178,as_supplied_by_opta,,Jón Sölvi Símonarson,48.0,35.0,75.0,1.0,0.3818,,,,
602ao60i9ha6ithdcf5zy6w44,2026-05-29,9,Fram,Breidablik,H,4-3,Viktor Freyr Sigurðsson,V. Sigurðsson,ep3hf2ww6epapo978sbn665be,22,Goalkeeper,9,1,3,1,,5,2,,3,12,,,,,,,,,,,,,,,,,,,1,10,6,,,,12,,1,,6,,,1,2,1,,,,,,6,4,1,1,20,1,1,2,,3,3,,,,,11,5,,6,15,3,1,90,,,,22,,,3,,,1,1,1,,15,15,1,,4,,,1,2,2,4,,,,,1,1,1,1,10,,,,0,,12,1,,,6,15,,,15,,18,27,,,,,,37,,,,,,0,,,,,2.216600,1.428200,3.571500,2.584300,ta7x6ep3lniyckj6la77zw,lineup_position,fram_breidablik_2026_05_29_ma2.json,fram_breidablik_2026_05_29_ma12.json,2026-09-06T22:48:32Z,ep3hf2ww6epapo978sbn665be,V. Sigurðsson,ep3hf2ww6epapo978sbn665be,as_supplied_by_opta,,Viktor Freyr Sigurðsson,44.44,16.67,50.0,4.0,0.5715,,,,
602ao60i9ha6ithdcf5zy6w44,2026-05-29,9,Breidablik,Fram,A,3-4,Anton Ari Einarsson,A. Einarsson,9zzg49vnaufp7j6yj7pcg6sb9,1,Goalkeeper,27,8,5,1,2,10,,,10,32,,,1,,,,,,,,,,,,,,,,,16,5,,,,15,,1,,6,,,,4,,1,2,,,,7,7,1,,24,1,,1,,4,4,,1,,,10,10,,8,16,6,,90,,,,40,,1,1,,,,,,,10,10,3,1,6,1,,10,4,3,7,,,,,,2,2,2,31,,,,0,,27,13,2,,7,15,1,2,5,,20,42,,,,,,62,,,,,,0,,,,,2.438000,2.438000,3.417700,3.417700,c6hu27u143y4z4te8b4036bae,lineup_position,fram_breidablik_2026_05_29_ma2.json,fram_breidablik_2026_05_29_ma12.json,2026-09-06T22:48:32Z,9zzg49vnaufp7j6yj7pcg6sb9,A. Einarsson,9zzg49vnaufp7j6yj7pcg6sb9,as_supplied_by_opta,,Anton Ari Einarsson,76.19,50.0,100.0,7.0,-0.5823,,,,
60moj4g2gmb8623scoavi2rkk,2026-05-31,9,ÍBV,Keflavík,H,6-1,Ari í Haraldsstovu Petersen,A. Petersen,92h0ymqm9kvcav8rvzftpvq0a,33,Goalkeeper,25,4,4,4,,3,7,,11,29,,,,,,,,,,,,,,,,,,,,5,6,,,,7,,,,5,,,,,,,,,,,3,2,1,,24,1,,5,,1,1,,3,,,3,3,,7,9,4,,90,,,,31,,1,,1,,,,,,9,9,1,,3,,,7,1,,1,,,,,,2,2,2,24,,,,0,,29,6,,,3,9,3,,11,,19,38,,,,,,45,,,,,,0,,,,,1.010900,1.010900,1.053500,1.053500,3tlx1zjkgrsdky3abrqe2c9c3,lineup_position,ibv_keflavik_2026_05_31_ma2.json,ibv_keflavik_2026_05_31_ma12.json,2026-09-06T22:48:32Z,92h0ymqm9kvcav8rvzftpvq0a,A. Petersen,92h0ymqm9kvcav8rvzftpvq0a,as_supplied_by_opta,,Ari í Haraldsstovu Petersen,76.32,57.89,80.0,1.0,0.0535,,,,
60moj4g2gmb8623scoavi2rkk,2026-05-31,9,Keflavík,ÍBV,A,1-6,Ásgeir Orri Magnússon,Ásgeir Orri Magnússon,67iuqfijm1h3db1j85g111rf8,1,Goalkeeper,23,2,2,5,1,4,,,5,25,,,,,,,,,,,,,,,,,,,,11,4,,,,9,,1,,8,,,,1,,,1,,,,2,1,1,,15,1,,6,,6,6,,,,,6,4,,8,6,2,,90,,,,26,,1,2,,,,,,,8,8,3,,4,,,10,1,1,2,,,,,,,,,20,,,,0,,27,6,1,,2,6,1,1,2,,12,33,,,,,,42,,,,,,0,,,,,2.178100,2.178100,3.679300,3.679300,96h322mg5vnaneem9fjzgvioq,lineup_position,ibv_keflavik_2026_05_31_ma2.json,ibv_keflavik_2026_05_31_ma12.json,2026-09-06T22:48:32Z,67iuqfijm1h3db1j85g111rf8,Ásgeir Orri Magnússon,67iuqfijm1h3db1j85g111rf8,as_supplied_by_opta,,Ásgeir Orri Magnússon,75.76,41.67,83.33,2.0,-2.3207,,,,
615b3srdv6frunw9ue3w1i784,2026-05-31,9,KR,KA,H,5-3,Halldór Snær Georgsson,H. Georgsson,cdx5akkzjrm6j7erasu8k4hlg,12,Goalkeeper,36,1,,6,,5,,,1,36,,,,,,,,,,,,,,,,,,,,11,7,,,,12,,,,4,,,2,2,,,,,,,,,1,,18,1,,6,,3,2,1,1,,,4,5,,15,,,3,90,,,,33,,,,,,,,,,3,3,7,,1,,,6,1,4,5,,,,,1,,,,30,,,,0,,39,1,,,,,1,,3,,4,39,,,,,,50,,,,,,0,,,,,2.099900,2.099900,3.534400,3.534400,629yaod9sjr350jvivp78vwfz,lineup_position,kr_ka_2026_05_31_ma2.json,kr_ka_2026_05_31_ma12.json,2026-09-06T22:48:31Z,cdx5akkzjrm6j7erasu8k4hlg,H. Georgsson,cdx5akkzjrm6j7erasu8k4hlg,as_supplied_by_opta,,Halldór Snær Georgsson,92.31,25.0,100.0,5.0,0.5344,,,,
615b3srdv6frunw9ue3w1i784,2026-05-31,9,KA,KR,A,3-5,Steinþór Már Auðunsson,S. Auðunsson,381vrdne8tq32r6gu1hc5dp05,13,Goalkeeper,22,5,2,2,1,1,3,,9,24,,,,,,,,,,,,,,,,,,,,14,8,,,,11,,1,,11,,,3,3,,1,1,,,,1,,1,,21,1,,2,,5,3,2,,,,5,1,,6,8,2,3,90,,,,29,,,5,1,,,,,,10,10,6,,4,,,6,6,,6,,,,,,,,,22,,,,0,,25,7,1,1,1,8,,1,7,,18,33,,,,,,43,,,,,,0,1,,,,2.235900,2.235900,4.608600,4.608600,4mo70a9j7p2ersbrieg5aw3dg,lineup_position,kr_ka_2026_05_31_ma2.json,kr_ka_2026_05_31_ma12.json,2026-09-06T22:48:31Z,381vrdne8tq32r6gu1hc5dp05,S. Auðunsson,381vrdne8tq32r6gu1hc5dp05,as_supplied_by_opta,,Steinþór Már Auðunsson,72.73,50.0,100.0,6.0,-0.3914,,,,
61sncuj5iu6h59doot2kc8hec,2026-05-31,9,Thór,Stjarnan,H,1-3,Aron Birkir Stefánsson,A. Stefánsson,2vfiu4zekww816g1j3bverill,1,Goalkeeper,24,4,7,3,,8,4,,12,31,,1,,,,,,,,,,,,,,,,,,16,9,,,,14,,4,1,5,,,2,4,1,,1,,,,12,7,1,,33,1,,6,,3,1,2,2,,,10,8,,10,22,7,2,90,,,,36,,4,5,1,1,,,,,18,18,2,,3,1,1,6,7,,7,,,,,,4,2,4,25,,,1,0,,27,6,1,,12,22,2,,13,,30,49,,,,,,68,,,,,,0,,,,,3.689700,3.689700,3.091700,3.091700,dys496cnlmowm95ehcfgcrvbm,lineup_position,thor_stjarnan_2026_05_31_ma2.json,thor_stjarnan_2026_05_31_ma12.json,2026-09-06T22:48:31Z,2vfiu4zekww816g1j3bverill,A. Stefánsson,2vfiu4zekww816g1j3bverill,as_supplied_by_opta,,Aron Birkir Stefánsson,63.27,40.0,50.0,7.0,0.0917,,,,
61sncuj5iu6h59doot2kc8hec,2026-05-31,9,Stjarnan,Thór,A,3-1,Árni Snær Ólafsson,Á. Ólafsson,7ibfw77zng0sh9dv2h0srauol,12,Goalkeeper,30,3,2,4,,1,,,7,32,,,,,,,,,,,,,,,,,,,,8,5,,,,5,,,,7,,,,,1,1,,,,,2,2,1,,14,1,,4,,1,1,,,,,4,1,,6,4,2,1,90,,,,29,,1,2,1,1,,,,,3,3,1,,4,,,14,1,,1,,,,,,1,1,1,27,,,,1,,30,4,,1,2,4,,,1,,9,34,,,,,,40,,,,,1,0,,,,1,1.076600,1.076600,0.926500,0.926500,23vg6q15dzr375k6757j06wkq,lineup_position,thor_stjarnan_2026_05_31_ma2.json,thor_stjarnan_2026_05_31_ma12.json,2026-09-06T22:48:31Z,7ibfw77zng0sh9dv2h0srauol,Á. Ólafsson,7ibfw77zng0sh9dv2h0srauol,as_supplied_by_opta,,Árni Snær Ólafsson,94.12,77.78,100.0,1.0,-0.0735,,,,
62b7qpgkvfb6jqy2qu3qu2710,2026-05-31,9,Valur,Víkingur R,H,1-5,Frederik August Albrecht Schram,F. Schram,c4esrbgbv6v715768v2cb676d,18,Goalkeeper,16,2,6,8,,4,,,7,22,,,1,,,,,,,,,,,,,,,,,12,11,,,,6,,1,,3,,,1,2,,1,2,,,,7,4,1,,25,1,,10,,5,5,,,,,5,4,,6,14,6,,90,,,,22,,4,1,1,1,,,,,14,14,1,,1,1,,5,2,3,6,,,,1,,,,,13,,,,0,,22,2,2,,7,14,,,11,,21,36,,,,,,49,,,,,1,0,,,,,2.844600,2.844600,3.017400,3.017400,khmdmbol7850k3i07yusgpn,lineup_position,valur_vikingur_r_2026_05_31_ma2.json,valur_vikingur_r_2026_05_31_ma12.json,2026-09-06T22:48:31Z,c4esrbgbv6v715768v2cb676d,F. Schram,c4esrbgbv6v715768v2cb676d,as_supplied_by_opta,,Frederik August Albrecht Schram,61.11,33.33,80.0,6.0,-1.9826,,,,
62b7qpgkvfb6jqy2qu3qu2710,2026-05-31,9,Víkingur R,Valur,A,5-1,Aron Snær Friðriksson,A. Friðriksson,7djiu062df2mock06lrukjw0l,29,Goalkeeper,23,1,,3,,6,,,1,23,,,1,,,,,,,,,,,,,,,,,9,4,,,,10,,2,,5,,,1,1,,1,1,,,,,,1,,14,1,,3,,1,1,,,,,8,7,,6,3,,3,90,,,,27,,1,,,,,,,,8,8,2,,,1,,10,4,,4,,,,1,,,,,20,,,,0,,27,3,1,,,3,,,4,,8,30,,,,,,42,,,,,,0,,,,,1.743300,1.743300,1.658900,1.658900,7gmdb4hmtrz199zv9r66qy9qp,lineup_position,valur_vikingur_r_2026_05_31_ma2.json,valur_vikingur_r_2026_05_31_ma12.json,2026-09-06T22:48:31Z,7djiu062df2mock06lrukjw0l,A. Friðriksson,7djiu062df2mock06lrukjw0l,as_supplied_by_opta,,Aron Snær Friðriksson,76.67,12.5,100.0,4.0,0.6589,,,,
63ffipykqy8vpol7y1ksinwgk,2026-06-14,10,Keflavík,FH,H,1-2,Ásgeir Orri Magnússon,Ásgeir Orri Magnússon,67iuqfijm1h3db1j85g111rf8,1,Goalkeeper,19,2,2,2,1,10,3,,6,21,,,,,,,,,,,,,,,,,,,,6,7,,,,17,,,,9,,,,1,,1,1,,,,2,2,1,,20,1,1,3,,2,1,1,,,,14,11,,9,8,2,,90,,,,28,,,,,,,,,,12,12,3,,2,1,,3,1,1,2,,,,,,1,1,1,18,,,,0,,24,3,1,1,2,8,1,1,11,,17,32,,,,,,49,,,,,,0,1,,,,0.808800,0.808800,1.322500,1.322500,96h322mg5vnaneem9fjzgvioq,lineup_position,keflavik_fh_2026_06_14_ma2.json,keflavik_fh_2026_06_14_ma12.json,2026-09-06T22:48:32Z,67iuqfijm1h3db1j85g111rf8,Ásgeir Orri Magnússon,67iuqfijm1h3db1j85g111rf8,as_supplied_by_opta,,Ásgeir Orri Magnússon,65.62,35.29,66.67,2.0,-0.6775,,,,
63ffipykqy8vpol7y1ksinwgk,2026-06-14,10,FH,Keflavík,A,2-1,Jökull Andrésson,J. Andrésson,29q6xnzs6z0lnt8ntpiber696,1,Goalkeeper,12,2,3,6,,6,2,,8,15,,,2,,,,,,,,,,,,,,,,,16,5,,,,10,,,,1,,,,1,,4,2,,1,,1,,1,,22,1,,9,,1,1,,2,,,5,6,1,3,9,3,,90,,,,10,,1,2,,,,,,,12,12,3,,,1,,2,2,,2,,,,,,,,,6,,,,0,,18,2,2,,1,9,2,,11,,20,27,,,,1,,41,,,,,1,0,,,,,2.527100,2.527100,1.326300,1.326300,2ci0yr2esa7y4etjvl5vau077,lineup_position,keflavik_fh_2026_06_14_ma2.json,keflavik_fh_2026_06_14_ma12.json,2026-09-06T22:48:32Z,29q6xnzs6z0lnt8ntpiber696,J. Andrésson,29q6xnzs6z0lnt8ntpiber696,as_supplied_by_opta,,Jökull Andrésson,55.56,40.0,66.67,2.0,0.3263,,,,
63zio4xfnb94ikl3cak0b5rmc,2026-06-14,10,Thór,ÍBV,H,1-4,Aron Birkir Stefánsson,A. Stefánsson,2vfiu4zekww816g1j3bverill,1,Goalkeeper,16,5,2,3,1,6,1,,5,18,,,1,,,,,,,,,,,,,,,,,12,7,,,,11,,2,,3,,,2,3,,1,2,,,,5,3,1,,20,1,,3,,4,4,,1,,,9,6,,3,10,2,1,90,,,,19,1,3,4,,,,,,,10,10,1,,1,,,5,3,1,4,,,,,,,,,13,,,,0,,18,6,2,,5,10,1,1,8,,15,28,,,,,,41,,,,,,0,,,,,2.015400,2.015400,2.578000,2.578000,dys496cnlmowm95ehcfgcrvbm,lineup_position,thor_ibv_2026_06_14_ma2.json,thor_ibv_2026_06_14_ma12.json,2026-09-06T22:48:32Z,2vfiu4zekww816g1j3bverill,A. Stefánsson,2vfiu4zekww816g1j3bverill,as_supplied_by_opta,,Aron Birkir Stefánsson,64.29,33.33,100.0,4.0,-0.422,,,,
63zio4xfnb94ikl3cak0b5rmc,2026-06-14,10,ÍBV,Thór,A,4-1,Ari í Haraldsstovu Petersen,A. Petersen,92h0ymqm9kvcav8rvzftpvq0a,33,Goalkeeper,43,2,2,,1,2,4,,8,45,,,,,,,,,,,,,,,,,,,,8,1,,,,12,,1,,8,,,,,,,2,,,,3,3,1,,29,1,,1,,1,1,,3,,,5,2,,14,8,2,1,90,,,,55,,,2,,,,,,,12,12,4,,3,,,14,1,,1,,,,,,1,1,1,45,,,,0,,49,3,2,,3,8,3,1,13,,19,57,,,,,,65,,,,,,0,,,,,0.971300,0.971300,0.735500,0.735500,3tlx1zjkgrsdky3abrqe2c9c3,lineup_position,thor_ibv_2026_06_14_ma2.json,thor_ibv_2026_06_14_ma12.json,2026-09-06T22:48:32Z,92h0ymqm9kvcav8rvzftpvq0a,A. Petersen,92h0ymqm9kvcav8rvzftpvq0a,as_supplied_by_opta,,Ari í Haraldsstovu Petersen,78.95,42.11,0.0,1.0,-0.2645,,,,
650i4l557rdbk3cwqk107y590,2026-06-15,10,KA,Fram,H,3-4,Steinþór Már Auðunsson,S. Auðunsson,381vrdne8tq32r6gu1hc5dp05,13,Goalkeeper,26,3,5,4,,4,3,,9,31,,,1,,,,,,,,,,,,,,,,,16,5,,,,12,,1,,4,,,,4,,1,,,,,8,4,1,,30,1,,8,,4,4,,2,,,7,4,,6,18,5,1,90,,,,33,,3,7,,,1,,1,,17,17,3,,1,,,11,4,2,6,,,,1,,2,1,2,25,,,,0,,29,6,,,8,18,2,,9,,24,47,,,,,,60,,,1,1,,0,,,,,4.406400,3.618000,4.604000,3.752100,4mo70a9j7p2ersbrieg5aw3dg,lineup_position,ka_fram_2026_06_15_ma2.json,ka_fram_2026_06_15_ma12.json,2026-09-06T22:48:31Z,381vrdne8tq32r6gu1hc5dp05,S. Auðunsson,381vrdne8tq32r6gu1hc5dp05,as_supplied_by_opta,,Steinþór Már Auðunsson,65.96,37.5,50.0,6.0,0.604,,,,
650i4l557rdbk3cwqk107y590,2026-06-15,10,Fram,KA,A,4-3,Viktor Freyr Sigurðsson,V. Sigurðsson,ep3hf2ww6epapo978sbn665be,22,Goalkeeper,10,2,6,3,,2,2,,8,16,,,,,,,,,,,,,,,,,,,,6,6,,,,14,,,,4,,,,1,,,4,,,,9,4,1,,19,1,,3,,3,2,1,,,,10,2,,5,17,6,1,90,,,,18,,3,3,2,1,,,,,12,12,4,,3,3,,4,,3,3,,,,,,2,,2,11,,,,0,,11,3,4,,9,17,,,10,,20,28,,,,,,37,,,,,,0,,,,,1.051000,1.051000,1.524500,1.524500,ta7x6ep3lniyckj6la77zw,lineup_position,ka_fram_2026_06_15_ma2.json,ka_fram_2026_06_15_ma12.json,2026-09-06T22:48:31Z,ep3hf2ww6epapo978sbn665be,V. Sigurðsson,ep3hf2ww6epapo978sbn665be,as_supplied_by_opta,,Viktor Freyr Sigurðsson,57.14,40.0,100.0,3.0,-1.4755,,,,
62vmjc99s2pq0l9eqcqpbzf2s,2026-06-16,10,ÍA,Valur,H,1-0,Jón Sölvi Símonarson,J. Símonarson,dvgli93iyhzu9t5slbbxts178,37,Goalkeeper,23,1,2,5,1,2,1,,3,25,,,,,,,,,,,,,,,,,,,,5,3,,,,8,,,,4,,1,,,,,1,,,1,5,3,1,,21,1,,8,,,,,,,,5,3,,10,13,2,,90,,,,33,,3,1,,,,,,,19,19,3,,1,,,12,1,,1,,,,,,1,,1,19,,,,0,,30,3,1,,5,13,,1,13,,20,43,,,,,,48,,,,,,0,,,,,0.895000,0.895000,0.235900,0.235900,9ar4wcltrggiz60w77e3z56m2,lineup_position,ia_valur_2026_06_16_ma2.json,ia_valur_2026_06_16_ma12.json,2026-09-06T22:48:31Z,dvgli93iyhzu9t5slbbxts178,J. Símonarson,dvgli93iyhzu9t5slbbxts178,as_supplied_by_opta,,Jón Sölvi Símonarson,58.14,15.0,62.5,1.0,0.2359,,,,
62vmjc99s2pq0l9eqcqpbzf2s,2026-06-16,10,Valur,ÍA,A,0-1,Frederik August Albrecht Schram,F. Schram,c4esrbgbv6v715768v2cb676d,18,Goalkeeper,23,2,6,5,1,8,3,,9,29,1,,,,,,,,,,,,,,,,,,,7,8,,,,13,,,,11,,,,1,,,1,,,,8,7,1,,29,1,,5,,1,1,,,,,10,8,,7,20,7,,90,,,,39,,3,3,1,1,,,,,18,18,3,,4,,,10,1,4,5,,,,,1,3,2,3,23,,,,0,,27,3,1,,8,19,,1,19,,26,46,,,,,1,62,,,,,,0,,,,,1.617900,1.617900,1.266600,1.266600,khmdmbol7850k3i07yusgpn,lineup_position,ia_valur_2026_06_16_ma2.json,ia_valur_2026_06_16_ma12.json,2026-09-06T22:48:31Z,c4esrbgbv6v715768v2cb676d,F. Schram,c4esrbgbv6v715768v2cb676d,as_supplied_by_opta,,Frederik August Albrecht Schram,63.04,34.62,100.0,5.0,0.2666,,,,
64i18l42c5fbz7ywlpwwit2xg,2026-06-16,10,Stjarnan,Breidablik,H,4-4,Árni Snær Ólafsson,Á. Ólafsson,7ibfw77zng0sh9dv2h0srauol,12,Goalkeeper,43,2,5,4,,3,2,,7,48,,,,,,,,,,,,,,,,,,,,15,6,,,1,6,,,,12,,,1,2,,,2,,1,,5,5,1,,15,1,,4,,4,3,1,,,,4,3,,17,6,4,1,90,,,,45,,1,,,,,,,,2,2,2,,7,1,,17,1,1,2,,,,,,3,3,3,43,,,,0,,43,3,2,,5,7,,,3,,9,50,,,,,,57,,,,,,0,,,,,1.670800,1.670800,3.005200,3.005200,23vg6q15dzr375k6757j06wkq,lineup_position,stjarnan_breidablik_2026_06_16_ma2.json,stjarnan_breidablik_2026_06_16_ma12.json,2026-09-06T22:48:32Z,7ibfw77zng0sh9dv2h0srauol,Á. Ólafsson,7ibfw77zng0sh9dv2h0srauol,as_supplied_by_opta,,Árni Snær Ólafsson,96.0,77.78,100.0,2.0,-0.9948,,,,
64i18l42c5fbz7ywlpwwit2xg,2026-06-16,10,Breidablik,Stjarnan,A,4-4,Anton Ari Einarsson,A. Einarsson,9zzg49vnaufp7j6yj7pcg6sb9,1,Goalkeeper,15,2,8,1,,3,5,,10,23,,,1,,,,,,,,,,,,,,,,,17,6,,,,13,,1,,4,,,,,,1,2,,,,7,7,1,,32,1,,1,,4,4,,1,,,12,3,,4,24,8,,90,,,,32,,2,2,,,,,,,18,18,,,3,1,,5,4,1,5,,,,1,1,3,3,3,19,,,,0,,17,5,2,,7,24,2,,15,,27,41,,,,,,54,,,,,1,0,,,,,3.169500,3.169500,2.624100,2.624100,c6hu27u143y4z4te8b4036bae,lineup_position,stjarnan_breidablik_2026_06_16_ma2.json,stjarnan_breidablik_2026_06_16_ma12.json,2026-09-06T22:48:32Z,9zzg49vnaufp7j6yj7pcg6sb9,A. Einarsson,9zzg49vnaufp7j6yj7pcg6sb9,as_supplied_by_opta,,Anton Ari Einarsson,56.1,37.04,100.0,5.0,-1.3759,,,,
65j5t751iunvfhcedg0an19n8,2026-06-16,10,Víkingur R,KR,H,2-0,Aron Snær Friðriksson,A. Friðriksson,7djiu062df2mock06lrukjw0l,29,Goalkeeper,19,4,7,,2,,5,,10,26,,,1,,,,,,,,,,,,,,,,,7,2,,,,7,,,,6,,1,,,,1,2,,,,9,5,1,,35,1,,1,,,,,,,,6,,,2,25,7,2,90,,,,39,,1,7,1,,,,,,20,20,1,,,1,,9,2,1,3,,,,,1,3,2,3,25,1,,,0,,21,15,2,,9,25,,2,9,,30,46,,,,,,51,,,,,,0,,,,,0.849200,0.849200,0.656100,0.656100,7gmdb4hmtrz199zv9r66qy9qp,lineup_position,vikingur_r_kr_2026_06_16_ma2.json,vikingur_r_kr_2026_06_16_ma12.json,2026-09-06T22:48:31Z,7djiu062df2mock06lrukjw0l,A. Friðriksson,7djiu062df2mock06lrukjw0l,as_supplied_by_opta,,Aron Snær Friðriksson,56.52,33.33,0.0,3.0,0.6561,,,,
65j5t751iunvfhcedg0an19n8,2026-06-16,10,KR,Víkingur R,A,0-2,Halldór Snær Georgsson,H. Georgsson,cdx5akkzjrm6j7erasu8k4hlg,12,Goalkeeper,35,,2,6,2,3,2,,3,37,1,,,,,,,,,,,,,,,,,,,6,3,,,,6,,,,6,,,,,,,1,,,,3,2,1,,17,1,,6,,2,2,,,,,4,3,,23,8,2,1,90,,,,39,,2,2,,,,,,,11,11,2,,4,,,8,1,1,2,,,,,2,1,1,1,29,,,,0,,40,3,1,,3,8,,2,8,,13,48,,,,,1,55,,,,,,0,,,,,1.448600,1.448600,1.550600,1.550600,629yaod9sjr350jvivp78vwfz,lineup_position,vikingur_r_kr_2026_06_16_ma2.json,vikingur_r_kr_2026_06_16_ma12.json,2026-09-06T22:48:31Z,cdx5akkzjrm6j7erasu8k4hlg,H. Georgsson,cdx5akkzjrm6j7erasu8k4hlg,as_supplied_by_opta,,Halldór Snær Georgsson,77.08,23.08,100.0,2.0,-0.4494,,,,
661i1srkagu1s9ycilelz1nv8,2026-06-21,11,FH,Thór,H,1-1,Jökull Andrésson,J. Andrésson,29q6xnzs6z0lnt8ntpiber696,1,Goalkeeper,17,,1,7,1,6,1,,1,18,,,,,,,,,,,,,,,,,,,,5,2,,,,9,,,,2,,,,,,,,,,,,,1,,10,1,,7,,1,1,,,,,6,6,,1,2,1,,90,,,,11,,,1,,,1,,1,,1,1,3,,,,,8,,,,,,,,,,,,10,,,,0,,17,,,,,2,,1,2,,2,19,,,,,,25,,,,,,0,,,,,1.022400,0.234000,0.843200,0,2ci0yr2esa7y4etjvl5vau077,lineup_position,fh_thor_2026_06_21_ma2.json,fh_thor_2026_06_21_ma12.json,2026-09-06T22:48:31Z,29q6xnzs6z0lnt8ntpiber696,J. Andrésson,29q6xnzs6z0lnt8ntpiber696,as_supplied_by_opta,,Jökull Andrésson,94.74,50.0,100.0,0.0,-0.1568,expectedGoalsontargetNonpenaltyConceded,,,
661i1srkagu1s9ycilelz1nv8,2026-06-21,11,Thór,FH,A,1-1,Aron Birkir Stefánsson,A. Stefánsson,2vfiu4zekww816g1j3bverill,1,Goalkeeper,10,8,12,6,,7,5,,20,22,,,,,,,,,,,,,,,,,,,,10,5,,,,12,,1,,4,,,1,4,,,,,,,13,9,1,,39,1,,9,,1,1,,2,,,8,7,,6,35,12,1,90,,,,31,,19,5,,,,,,,25,25,2,,2,,,1,5,,5,,,,,,5,4,5,14,,,,0,,11,15,,,13,35,2,,17,,44,46,,,,,,61,,,,,,0,,,,,1.618000,1.618000,1.904900,1.904900,dys496cnlmowm95ehcfgcrvbm,lineup_position,fh_thor_2026_06_21_ma2.json,fh_thor_2026_06_21_ma12.json,2026-09-06T22:48:31Z,2vfiu4zekww816g1j3bverill,A. Stefánsson,2vfiu4zekww816g1j3bverill,as_supplied_by_opta,,Aron Birkir Stefánsson,47.83,45.45,66.67,5.0,0.9049,,,,
66k66qlfnnge2mbopajlugiz8,2026-06-21,11,Valur,Keflavík,H,1-1,Frederik August Albrecht Schram,F. Schram,c4esrbgbv6v715768v2cb676d,18,Goalkeeper,28,3,1,6,,4,2,,5,29,,,,,,,,,,,,,,,,,,,,9,8,,,,9,,1,,4,,,,,,,2,,,,1,1,1,,16,1,,6,,1,1,,,,,6,4,,8,5,1,,90,,,,29,,,2,,,,,,,7,7,3,,1,1,,12,1,1,2,,,,,,,,,22,,,,0,,31,3,2,,1,5,,,9,,12,36,,,,,,44,,,,,,0,,,,,1.741500,1.741500,1.066200,1.066200,khmdmbol7850k3i07yusgpn,lineup_position,valur_keflavik_2026_06_21_ma2.json,valur_keflavik_2026_06_21_ma12.json,2026-09-06T22:48:31Z,c4esrbgbv6v715768v2cb676d,F. Schram,c4esrbgbv6v715768v2cb676d,as_supplied_by_opta,,Frederik August Albrecht Schram,80.56,41.67,100.0,2.0,0.0662,,,,
66k66qlfnnge2mbopajlugiz8,2026-06-21,11,Keflavík,Valur,A,1-1,Ásgeir Orri Magnússon,Ásgeir Orri Magnússon,67iuqfijm1h3db1j85g111rf8,1,Goalkeeper,15,1,4,3,3,5,4,,7,19,,1,1,,,,,,,,,,,,,,,,,12,2,,,,12,,2,,4,,,1,2,1,1,7,,,1,2,,1,,26,1,,8,,1,1,,1,,,9,6,,3,13,5,2,90,,,,21,,,1,,,,,,,14,14,2,,1,4,,3,5,2,7,,,,1,,,,,16,,,,0,,20,1,7,,2,12,1,3,10,,19,32,,,,,,53,,,,,,0,,,,,2.444900,2.444900,1.675700,1.675700,96h322mg5vnaneem9fjzgvioq,lineup_position,valur_keflavik_2026_06_21_ma2.json,valur_keflavik_2026_06_21_ma12.json,2026-09-06T22:48:31Z,67iuqfijm1h3db1j85g111rf8,Ásgeir Orri Magnússon,67iuqfijm1h3db1j85g111rf8,as_supplied_by_opta,,Ásgeir Orri Magnússon,59.38,36.84,37.5,7.0,0.6757,,,,
672l8o73eti7a5ka1trk9d5hw,2026-06-21,11,Breidablik,KA,H,3-1,Anton Ari Einarsson,A. Einarsson,9zzg49vnaufp7j6yj7pcg6sb9,1,Goalkeeper,35,2,2,1,,4,1,,7,37,,,1,1,,,,,,,,,,,,,,,,9,5,,,,7,,,,13,,,,1,,1,1,,,,6,5,1,,28,1,,1,,1,1,,,,,5,4,,11,11,2,,90,,1,,46,,,,,,,,,,13,13,2,,4,1,,11,1,1,2,,1,,,,1,1,1,36,,,,0,1,39,5,1,,6,11,,,10,,19,50,,,,,,57,,,,,,0,,,,,0.856300,0.856300,0.696200,0.696200,c6hu27u143y4z4te8b4036bae,lineup_position,breidablik_ka_2026_06_21_ma2.json,breidablik_ka_2026_06_21_ma12.json,2026-09-06T22:48:32Z,9zzg49vnaufp7j6yj7pcg6sb9,A. Einarsson,9zzg49vnaufp7j6yj7pcg6sb9,as_supplied_by_opta,,Anton Ari Einarsson,74.0,36.84,100.0,2.0,-0.3038,,,,
672l8o73eti7a5ka1trk9d5hw,2026-06-21,11,KA,Breidablik,A,1-3,Steinþór Már Auðunsson,S. Auðunsson,381vrdne8tq32r6gu1hc5dp05,13,Goalkeeper,19,,1,1,1,6,1,,3,20,,,,,,,,,,,,,,,,,,,,13,5,,,,8,,1,,1,,,,,,,2,,,,2,,1,,15,1,,6,,3,3,,2,,,5,6,,3,8,1,,90,,,,21,,3,1,,,,,,,8,8,1,,,,,10,1,,1,,,,,,,,,19,,,,0,,20,2,2,,2,8,2,1,1,,11,28,,,,,,39,,,,,,0,,,,,1.912900,1.912900,2.096400,2.096400,4mo70a9j7p2ersbrieg5aw3dg,lineup_position,breidablik_ka_2026_06_21_ma2.json,breidablik_ka_2026_06_21_ma12.json,2026-09-06T22:48:32Z,381vrdne8tq32r6gu1hc5dp05,S. Auðunsson,381vrdne8tq32r6gu1hc5dp05,as_supplied_by_opta,,Steinþór Már Auðunsson,71.43,27.27,16.67,1.0,-0.9036,,,,
67mzokw1hs7wwpyq1as744y6s,2026-06-21,11,ÍBV,Stjarnan,H,2-1,Ari í Haraldsstovu Petersen,A. Petersen,92h0ymqm9kvcav8rvzftpvq0a,33,Goalkeeper,17,4,4,3,,6,4,,10,21,,,,,,,,,,,,,,,,,,,,8,8,,,,14,,,,4,,,,1,,,1,,,,5,,1,,25,1,,4,,1,1,,2,,,9,6,,7,11,4,,90,,,,25,,2,2,1,,,,,,12,12,3,,,,,1,,1,1,,,,,,3,,3,16,1,,,0,,22,6,1,,5,11,2,,12,,21,33,,,,,,43,,,,,,0,,,,,1.772700,1.772700,0.310100,0.310100,3tlx1zjkgrsdky3abrqe2c9c3,lineup_position,ibv_stjarnan_2026_06_21_ma2.json,ibv_stjarnan_2026_06_21_ma12.json,2026-09-06T22:48:32Z,92h0ymqm9kvcav8rvzftpvq0a,A. Petersen,92h0ymqm9kvcav8rvzftpvq0a,as_supplied_by_opta,,Ari í Haraldsstovu Petersen,63.64,47.62,75.0,1.0,-0.6899,,,,
67mzokw1hs7wwpyq1as744y6s,2026-06-21,11,Stjarnan,ÍBV,A,1-2,Árni Snær Ólafsson,Á. Ólafsson,7ibfw77zng0sh9dv2h0srauol,12,Goalkeeper,39,2,4,5,2,4,2,,5,43,,,,,,,,,,,,,,,,,,,,5,4,,,,14,,,,14,,,,,,1,,,,,6,5,1,,19,1,,5,,2,2,,1,,,7,4,,16,7,4,1,90,,,,37,,,,1,1,,,,,3,3,5,1,5,,,11,1,2,3,,,,,,4,3,4,34,,,,0,,39,3,,1,6,7,1,2,4,,8,46,,,,,,55,,,,,,0,1,,,,1.107200,1.107200,1.333500,1.333500,23vg6q15dzr375k6757j06wkq,lineup_position,ibv_stjarnan_2026_06_21_ma2.json,ibv_stjarnan_2026_06_21_ma12.json,2026-09-06T22:48:32Z,7ibfw77zng0sh9dv2h0srauol,Á. Ólafsson,7ibfw77zng0sh9dv2h0srauol,as_supplied_by_opta,,Árni Snær Ólafsson,93.48,62.5,100.0,3.0,-0.6665,,,,
685ctqrly7ebtep6opggvxedw,2026-06-21,11,Fram,Víkingur R,H,0-5,Viktor Freyr Sigurðsson,V. Sigurðsson,ep3hf2ww6epapo978sbn665be,22,Goalkeeper,10,2,3,,,2,1,,3,13,,,,,,,,,,,,,,,,,,,1,21,3,,,,8,,,,7,,,,,1,,,,,,5,3,1,1,10,1,,,,5,5,,2,,,5,2,,10,8,3,1,90,,,,19,,3,1,1,1,1,1,1,,8,8,1,,3,,,1,4,,4,,,,,,1,1,1,13,,,,0,,13,4,,,5,8,2,,5,,11,21,,,,,,29,,,,,,0,,,,,4.546800,3.758400,4.706400,3.835900,ta7x6ep3lniyckj6la77zw,lineup_position,fram_vikingur_r_2026_06_21_ma2.json,fram_vikingur_r_2026_06_21_ma12.json,2026-09-06T22:48:31Z,ep3hf2ww6epapo978sbn665be,V. Sigurðsson,ep3hf2ww6epapo978sbn665be,as_supplied_by_opta,,Viktor Freyr Sigurðsson,61.9,27.27,,4.0,-0.2936,,,,
685ctqrly7ebtep6opggvxedw,2026-06-21,11,Víkingur R,Fram,A,5-0,Aron Snær Friðriksson,A. Friðriksson,7djiu062df2mock06lrukjw0l,29,Goalkeeper,40,3,7,2,,6,7,,13,47,,,1,,,,,,,,,,,,,,,,,3,2,,,,11,,,,8,,1,,,,1,2,,,,6,6,1,,35,1,,3,,,,,1,,,7,6,,8,14,8,,90,,,,53,,1,1,,,,,,,10,10,3,,3,1,,14,,,,,,,,,2,2,2,44,,,,0,,44,7,2,,6,13,1,,12,,22,57,,,,,,66,,,,,,0,,1,,,0.283700,0.283700,0,0,7gmdb4hmtrz199zv9r66qy9qp,lineup_position,fram_vikingur_r_2026_06_21_ma2.json,fram_vikingur_r_2026_06_21_ma12.json,2026-09-06T22:48:31Z,7djiu062df2mock06lrukjw0l,A. Friðriksson,7djiu062df2mock06lrukjw0l,as_supplied_by_opta,,Aron Snær Friðriksson,82.46,59.09,66.67,0.0,0.0,expectedGoalsontargetConceded|expectedGoalsontargetNonpenaltyConceded,,,
68nu39x3a81jlph4v61a7n1g4,2026-06-22,11,KR,ÍA,H,5-3,Halldór Snær Georgsson,H. Georgsson,cdx5akkzjrm6j7erasu8k4hlg,12,Goalkeeper,40,3,1,9,1,6,,,5,41,,,1,,,,,,,,,,,,,,,,,20,4,,,,10,,1,,8,,,,,,1,2,,,1,4,3,1,,28,1,,11,,3,2,1,,,,7,6,,20,8,1,2,90,,,,43,,,1,,,,,,,13,13,3,,2,1,1,6,2,,2,,,,,2,1,1,1,32,,,,0,,46,8,2,,4,8,,1,6,,17,54,,,,,,65,,,,,,0,,,,,3.723800,3.723800,2.214100,2.214100,629yaod9sjr350jvivp78vwfz,lineup_position,kr_ia_2026_06_22_ma2.json,kr_ia_2026_06_22_ma12.json,2026-09-06T22:48:31Z,cdx5akkzjrm6j7erasu8k4hlg,H. Georgsson,cdx5akkzjrm6j7erasu8k4hlg,as_supplied_by_opta,,Halldór Snær Georgsson,75.93,29.41,81.82,2.0,-0.7859,,,,
68nu39x3a81jlph4v61a7n1g4,2026-06-22,11,ÍA,KR,A,3-5,Jón Sölvi Símonarson,J. Símonarson,dvgli93iyhzu9t5slbbxts178,37,Goalkeeper,9,3,10,1,2,6,7,,11,19,,,,,,,,,,,,,,,,,,,,16,12,,,,11,,,,7,,,1,2,,,2,,,,9,8,1,,31,1,,1,,5,5,,,,,11,6,,4,23,10,1,90,,,,32,,1,3,,,,,,,19,19,,,1,,,3,,5,5,,,,,,2,2,2,15,,,,0,,15,5,2,,9,23,,2,23,,30,38,,,,,,51,,,,,,0,,,,,2.947800,2.947800,2.630800,2.630800,9ar4wcltrggiz60w77e3z56m2,lineup_position,kr_ia_2026_06_22_ma2.json,kr_ia_2026_06_22_ma12.json,2026-09-06T22:48:31Z,dvgli93iyhzu9t5slbbxts178,J. Símonarson,dvgli93iyhzu9t5slbbxts178,as_supplied_by_opta,,Jón Sölvi Símonarson,50.0,36.67,100.0,5.0,-2.3692,,,,
6b9g03097qx2lbm46vmzi6w44,2026-06-25,12,Breidablik,Víkingur R,H,1-4,Anton Ari Einarsson,A. Einarsson,9zzg49vnaufp7j6yj7pcg6sb9,1,Goalkeeper,28,4,3,4,1,5,2,,8,31,,,,,,,,,,,,,,,,,,,,16,5,,,,9,,,,6,,,,2,,,2,,,,2,1,1,,19,1,,5,,4,4,,,,,6,5,,14,6,3,,90,,,,32,,2,,,,1,,1,,7,7,3,,2,,,5,1,1,2,,,,,,1,1,1,27,,,,0,,32,5,2,,2,6,,1,6,,14,38,,,,,,47,,,,,,0,,,,,2.956200,2.167800,2.575500,1.798700,c6hu27u143y4z4te8b4036bae,lineup_position,breidablik_vikingur_r_2026_06_25_ma2.json,breidablik_vikingur_r_2026_06_25_ma12.json,2026-09-06T22:48:32Z,9zzg49vnaufp7j6yj7pcg6sb9,A. Einarsson,9zzg49vnaufp7j6yj7pcg6sb9,as_supplied_by_opta,,Anton Ari Einarsson,81.58,57.14,80.0,2.0,-1.4245,,,,
6b9g03097qx2lbm46vmzi6w44,2026-06-25,12,Víkingur R,Breidablik,A,4-1,Aron Snær Friðriksson,A. Friðriksson,7djiu062df2mock06lrukjw0l,29,Goalkeeper,26,5,8,,2,4,5,,10,34,,,,,,,,,,,,,,,,,,,,4,2,,,,7,,,,10,,,1,1,,1,1,,,,7,5,1,,30,1,,,,1,1,,1,,,6,4,,7,15,8,1,90,,,,39,,2,3,,,,,,,11,11,,,7,,,6,,2,2,,,,,,4,2,4,31,,,,0,,28,10,1,,7,15,1,2,9,,19,43,,,,,,55,,,,,1,0,,,,,0.522500,0.522500,0.412200,0.412200,7gmdb4hmtrz199zv9r66qy9qp,lineup_position,breidablik_vikingur_r_2026_06_25_ma2.json,breidablik_vikingur_r_2026_06_25_ma12.json,2026-09-06T22:48:32Z,7djiu062df2mock06lrukjw0l,A. Friðriksson,7djiu062df2mock06lrukjw0l,as_supplied_by_opta,,Aron Snær Friðriksson,79.07,52.63,,2.0,-0.5878,,,,
696dygy42096qjssicad7n28k,2026-06-28,12,Keflavík,KR,H,3-2,Ásgeir Orri Magnússon,Ásgeir Orri Magnússon,67iuqfijm1h3db1j85g111rf8,1,Goalkeeper,13,1,10,5,3,6,6,,13,23,,,,,,,,,,,,,,,,,,,,15,6,,,,18,,,,6,,,1,1,,,3,,1,,7,3,1,,37,1,,7,,2,2,,,,,16,8,,2,23,10,2,90,,,,25,,,2,2,1,,,,,20,20,1,1,3,1,,1,3,1,4,,,,,,3,,3,14,,,,0,,17,1,3,,7,23,,3,18,,30,40,,,,,,56,,,,,,0,,1,,,1.997500,1.997500,1.352200,1.352200,96h322mg5vnaneem9fjzgvioq,lineup_position,keflavik_kr_2026_06_28_ma2.json,keflavik_kr_2026_06_28_ma12.json,2026-09-06T22:48:32Z,67iuqfijm1h3db1j85g111rf8,Ásgeir Orri Magnússon,67iuqfijm1h3db1j85g111rf8,as_supplied_by_opta,,Ásgeir Orri Magnússon,57.5,43.33,71.43,4.0,-0.6478,,,,
696dygy42096qjssicad7n28k,2026-06-28,12,KR,Keflavík,A,2-3,Halldór Snær Georgsson,H. Georgsson,cdx5akkzjrm6j7erasu8k4hlg,12,Goalkeeper,28,,1,7,2,4,1,,2,29,,,1,,,,,,,,,,,,,,,,,19,5,,,,10,,,,6,,,2,2,,1,3,,,,3,3,1,,18,1,1,8,,3,3,,,,,4,4,,16,10,1,2,90,,,,31,,,,,,,,,,11,11,6,,4,2,,6,1,1,2,,,,,,,,,21,,,,0,,30,2,3,,3,10,,2,9,,12,40,,,,,,51,,,,,,0,,,,,1.993200,1.993200,2.678700,2.678700,629yaod9sjr350jvivp78vwfz,lineup_position,keflavik_kr_2026_06_28_ma2.json,keflavik_kr_2026_06_28_ma12.json,2026-09-06T22:48:32Z,cdx5akkzjrm6j7erasu8k4hlg,H. Georgsson,cdx5akkzjrm6j7erasu8k4hlg,as_supplied_by_opta,,Halldór Snær Georgsson,72.5,16.67,87.5,2.0,-0.3213,,,,
69oowz76oepwc0wa3ly0hatqs,2026-06-28,12,Thór,Valur,H,2-4,Aron Birkir Stefánsson,A. Stefánsson,2vfiu4zekww816g1j3bverill,1,Goalkeeper,16,6,2,2,,5,,,8,18,,,,,,,,,,,,,,,,,,,,16,13,,,,10,,,,1,,,3,4,,,1,,,,5,4,1,,30,1,1,9,,4,4,,2,,,8,5,,6,19,2,2,90,,,,26,,10,3,,,,,,,20,20,,,,1,,2,5,3,8,,,,,1,,,,15,,,,0,,19,11,1,,5,19,2,,6,,28,38,,,,,,55,,,,,,0,,,,,3.275800,3.275800,4.259000,4.259000,dys496cnlmowm95ehcfgcrvbm,lineup_position,thor_valur_2026_06_28_ma2.json,thor_valur_2026_06_28_ma12.json,2026-09-06T22:48:31Z,2vfiu4zekww816g1j3bverill,A. Stefánsson,2vfiu4zekww816g1j3bverill,as_supplied_by_opta,,Aron Birkir Stefánsson,47.37,28.57,22.22,8.0,0.259,,,,
69oowz76oepwc0wa3ly0hatqs,2026-06-28,12,Valur,Thór,A,4-2,Frederik August Albrecht Schram,F. Schram,c4esrbgbv6v715768v2cb676d,18,Goalkeeper,22,1,,6,,4,,,2,22,,,,1,,,,,,,,,,,,,,,,4,3,,,,4,,,,1,,,,,,,1,,,,1,,1,,11,1,,7,,2,2,,,,,4,4,,7,3,,,90,1,,,19,,1,1,,,,,,,6,6,,,,1,,10,,,,,1,,,,,,,15,,,,0,1,25,1,1,,1,3,,,5,,8,28,,,,,,33,,,,,,0,,,,,0.840700,0.840700,0.828300,0.828300,khmdmbol7850k3i07yusgpn,lineup_position,thor_valur_2026_06_28_ma2.json,thor_valur_2026_06_28_ma12.json,2026-09-06T22:48:31Z,c4esrbgbv6v715768v2cb676d,F. Schram,c4esrbgbv6v715768v2cb676d,as_supplied_by_opta,,Frederik August Albrecht Schram,78.57,25.0,85.71,0.0,-1.1717,,,,
6a8qwmzaz5fj3wublas8ndyc4,2026-06-28,12,FH,ÍBV,H,1-1,Jökull Andrésson,J. Andrésson,29q6xnzs6z0lnt8ntpiber696,1,Goalkeeper,16,,2,7,,5,2,,3,18,,,,,,,,,,,,,,,,,,,,3,6,,,,11,,,,1,,,1,1,,,3,,,,2,2,1,,12,1,,7,,1,,1,,,,8,5,,5,6,2,1,90,,,,17,,2,,,,,,,,8,8,3,,,2,,9,1,1,2,,,,,,,,,10,,,,0,,20,3,3,,2,6,,,6,,11,26,,,,,,36,,,,,,0,,,,,0.306100,0.306100,1.026900,1.026900,2ci0yr2esa7y4etjvl5vau077,lineup_position,fh_ibv_2026_06_28_ma2.json,fh_ibv_2026_06_28_ma12.json,2026-09-06T22:48:32Z,29q6xnzs6z0lnt8ntpiber696,J. Andrésson,29q6xnzs6z0lnt8ntpiber696,as_supplied_by_opta,,Jökull Andrésson,69.23,27.27,100.0,2.0,0.0269,,,,
6a8qwmzaz5fj3wublas8ndyc4,2026-06-28,12,ÍBV,FH,A,1-1,Ari í Haraldsstovu Petersen,A. Petersen,92h0ymqm9kvcav8rvzftpvq0a,33,Goalkeeper,26,2,2,1,,6,1,,7,28,,,1,,,,,,,,,,,,,,,,,10,5,,,,11,,2,,10,,,3,4,,1,1,1,,,4,3,1,,23,1,,1,,1,1,,1,1,,9,7,,15,10,2,4,90,,,,37,,1,1,,,,,,,14,14,1,,3,,,3,3,2,5,,,,,,1,,1,24,,,,0,,31,5,1,,4,10,2,,11,,20,41,,,,,,57,,,,,,0,,,,,1.355500,1.355500,2.017600,2.017600,3tlx1zjkgrsdky3abrqe2c9c3,lineup_position,fh_ibv_2026_06_28_ma2.json,fh_ibv_2026_06_28_ma12.json,2026-09-06T22:48:32Z,92h0ymqm9kvcav8rvzftpvq0a,A. Petersen,92h0ymqm9kvcav8rvzftpvq0a,as_supplied_by_opta,,Ari í Haraldsstovu Petersen,68.29,35.0,100.0,5.0,1.0176,,,,
6ar4cvn7u1nq0tav6l00f5qtw,2026-06-28,12,Stjarnan,KA,H,3-1,Árni Snær Ólafsson,Á. Ólafsson,7ibfw77zng0sh9dv2h0srauol,12,Goalkeeper,24,,2,2,,6,1,,3,26,,,1,,,,,,,,,,,,,,,,,9,8,,,,15,,,,2,,,,,,2,1,1,,1,8,5,1,,24,1,,4,,1,1,,1,1,,11,6,,9,12,2,,90,,,,28,,1,1,3,2,,,,,12,12,3,,1,,,5,2,2,4,,,,,,2,1,2,21,1,,,0,,26,,1,,8,12,1,,8,,14,38,,,,,,53,,,,,2,0,,,,,1.278900,1.278900,0.952900,0.952900,23vg6q15dzr375k6757j06wkq,lineup_position,stjarnan_ka_2026_06_28_ma2.json,stjarnan_ka_2026_06_28_ma12.json,2026-09-06T22:48:31Z,7ibfw77zng0sh9dv2h0srauol,Á. Ólafsson,7ibfw77zng0sh9dv2h0srauol,as_supplied_by_opta,,Árni Snær Ólafsson,68.42,21.43,50.0,4.0,-0.0471,,,,
6ar4cvn7u1nq0tav6l00f5qtw,2026-06-28,12,KA,Stjarnan,A,1-3,Steinþór Már Auðunsson,S. Auðunsson,381vrdne8tq32r6gu1hc5dp05,13,Goalkeeper,18,,3,7,,9,2,,5,21,,,3,,,,,,,,,,,,,,,,,18,4,,,,11,,2,,2,,,,1,,3,2,,,,1,1,1,,15,1,,8,,3,3,,2,,,8,9,,4,4,3,4,90,,,,14,,,2,,,,,,,4,4,1,,1,1,1,5,8,1,9,,,,,3,1,1,1,12,,,,0,,20,1,2,,1,4,2,,3,,7,24,,,,,,47,,,,,,0,,,,,2.719000,2.719000,4.554700,4.554700,4mo70a9j7p2ersbrieg5aw3dg,lineup_position,stjarnan_ka_2026_06_28_ma2.json,stjarnan_ka_2026_06_28_ma12.json,2026-09-06T22:48:31Z,381vrdne8tq32r6gu1hc5dp05,S. Auðunsson,381vrdne8tq32r6gu1hc5dp05,as_supplied_by_opta,,Steinþór Már Auðunsson,87.5,71.43,87.5,9.0,1.5547,,,,
6brzihl1d9t3702y1tjzsfvo4,2026-06-29,12,ÍA,Fram,H,0-2,Jón Sölvi Símonarson,J. Símonarson,dvgli93iyhzu9t5slbbxts178,37,Goalkeeper,36,1,1,5,2,4,3,,5,37,,,,,,,,,,,,,,,,,,,1,14,3,,,,7,,,,6,,,,,1,,4,,,,1,1,1,1,21,1,,5,,2,2,,1,,,4,4,,3,5,1,1,90,,,,36,,,,1,1,1,1,1,,6,6,2,,2,1,,19,,1,1,,,,,,,,,31,,,,0,,38,1,4,,1,5,1,2,8,,10,43,,,,,,53,,,,,,0,,,,,2.616700,1.828300,1.633300,0.873800,9ar4wcltrggiz60w77e3z56m2,lineup_position,ia_fram_2026_06_29_ma2.json,ia_fram_2026_06_29_ma12.json,2026-09-06T22:48:31Z,dvgli93iyhzu9t5slbbxts178,J. Símonarson,dvgli93iyhzu9t5slbbxts178,as_supplied_by_opta,,Jón Sölvi Símonarson,86.05,50.0,100.0,1.0,-0.3667,,,,
6brzihl1d9t3702y1tjzsfvo4,2026-06-29,12,Fram,ÍA,A,2-0,Viktor Freyr Sigurðsson,V. Sigurðsson,ep3hf2ww6epapo978sbn665be,22,Goalkeeper,2,1,9,1,2,4,8,,9,11,,,1,,,,,,,,,,,,,,,,,4,2,,,,8,,,,6,,1,,,,2,2,1,,,15,11,1,,22,1,1,4,,,,,2,1,,5,4,,2,21,9,,90,,,,17,,7,5,1,,,,,,13,13,1,,1,,,,,,,,,,,,7,5,7,8,,,,0,,3,1,2,,15,21,2,2,17,,22,24,,,,,,35,,,,,1,0,,,,,0.372200,0.372200,0,0,ta7x6ep3lniyckj6la77zw,lineup_position,ia_fram_2026_06_29_ma2.json,ia_fram_2026_06_29_ma12.json,2026-09-06T22:48:31Z,ep3hf2ww6epapo978sbn665be,V. Sigurðsson,ep3hf2ww6epapo978sbn665be,as_supplied_by_opta,,Viktor Freyr Sigurðsson,45.83,40.91,25.0,0.0,0.0,expectedGoalsontargetConceded|expectedGoalsontargetNonpenaltyConceded,,,
6cc1tt9y7n9o738ij2dhlwtg4,2026-07-02,13,Víkingur R,KA,H,3-2,Aron Snær Friðriksson,A. Friðriksson,7djiu062df2mock06lrukjw0l,29,Goalkeeper,10,,,3,,4,,,1,10,,,,,,,,,,,,,,,,,,,,4,1,,,,4,,,,1,,,,,,1,,,,,,,1,,8,1,,3,,2,1,1,,,,4,4,,1,1,,,60,,,,8,,,,,,,,,,2,2,,,,,,3,1,,1,,,,,,,,,6,,,,0,,11,1,,,,1,,,1,,3,12,,1,,1,,18,,,,,,0,,,1,,0.301600,0.301600,0.765100,0.765100,7gmdb4hmtrz199zv9r66qy9qp,lineup_position,vikingur_r_ka_2026_07_02_ma2.json,vikingur_r_ka_2026_07_02_ma12.json,2026-09-06T22:48:31Z,7djiu062df2mock06lrukjw0l,A. Friðriksson,7djiu062df2mock06lrukjw0l,as_supplied_by_opta,,Aron Snær Friðriksson,83.33,33.33,100.0,1.5,-1.2349,,,,
6cc1tt9y7n9o738ij2dhlwtg4,2026-07-02,13,Víkingur R,KA,H,3-2,Ögmundur Kristinsson,Ö. Kristinsson,3id109ui2dalt4xel2wf2x1p1,47,Substitute,4,,1,1,,2,1,,1,5,,1,,,,,,,,,,,,,,,,,,5,1,,,,4,,,,2,,,,,1,,,,,,,,0,,4,,,1,,,,,,,,4,2,,1,2,1,,30,,,,5,,,1,,,,,,,1,1,,,,,,1,2,,2,,,,,,,,,4,,,,0,,4,,,,,2,,,2,,2,6,,,1,,,10,,,,,,0,,,,,0.584800,0.584800,0.549600,0.549600,7gmdb4hmtrz199zv9r66qy9qp,player_id_keeper_actions_and_stats,vikingur_r_ka_2026_07_02_ma2.json,vikingur_r_ka_2026_07_02_ma12.json,2026-09-06T22:48:31Z,3id109ui2dalt4xel2wf2x1p1,Ö. Kristinsson,3id109ui2dalt4xel2wf2x1p1,as_supplied_by_opta,,Ögmundur Kristinsson,83.33,50.0,100.0,6.0,0.5496,,,,
6cc1tt9y7n9o738ij2dhlwtg4,2026-07-02,13,KA,Víkingur R,A,2-3,Steinþór Már Auðunsson,S. Auðunsson,381vrdne8tq32r6gu1hc5dp05,13,Goalkeeper,7,2,6,5,,6,1,,7,13,,,,,,,,,,,,,,,,,,,,16,6,,,,9,,1,,2,,,,2,,,2,,,,10,3,1,,27,1,,12,,3,3,,,,,9,6,,2,21,6,1,90,,,,11,,2,6,,,1,,1,,17,17,,,1,1,,,2,3,5,,,,,1,3,1,3,7,,,,0,,8,2,2,,10,21,1,,8,,23,29,,,,,,44,,,1,1,,0,,,,,3.157900,2.369500,3.310200,2.468100,4mo70a9j7p2ersbrieg5aw3dg,lineup_position,vikingur_r_ka_2026_07_02_ma2.json,vikingur_r_ka_2026_07_02_ma12.json,2026-09-06T22:48:31Z,381vrdne8tq32r6gu1hc5dp05,S. Auðunsson,381vrdne8tq32r6gu1hc5dp05,as_supplied_by_opta,,Steinþór Már Auðunsson,44.83,30.43,41.67,5.0,0.3102,,,,
6dd7gzhg3vrrsvguu7k0t4ys4,2026-07-02,13,Thór,KR,H,3-3,Aron Birkir Stefánsson,A. Stefánsson,2vfiu4zekww816g1j3bverill,1,Goalkeeper,11,,4,2,,3,4,,7,15,,,,,,,,1,1,1,,,,1,,1,1,1,,19,9,,1,,8,,3,,5,,,,2,,,,,,,8,3,1,,27,1,1,6,1,3,3,,2,,,5,3,,1,17,5,,90,,,1,18,,2,9,,,1,,1,,15,15,1,,,,,1,5,,5,,,,,1,1,1,1,12,,,,0,,13,,,,8,16,2,,13,,21,29,1,,,,,43,,,,,,0,,,,,3.953500,3.165100,3.770000,2.879400,dys496cnlmowm95ehcfgcrvbm,lineup_position,thor_kr_2026_07_02_ma2.json,thor_kr_2026_07_02_ma12.json,2026-09-06T22:48:31Z,2vfiu4zekww816g1j3bverill,A. Stefánsson,2vfiu4zekww816g1j3bverill,as_supplied_by_opta,,Aron Birkir Stefánsson,51.72,33.33,33.33,5.0,0.77,,,,
6dd7gzhg3vrrsvguu7k0t4ys4,2026-07-02,13,KR,Thór,A,3-3,Sigurpáll Sören Ingólfsson,S. Ingólfsson,bl44861bagjwhll9ku9ui5kru,1,Goalkeeper,21,,1,6,2,5,,,,22,,,,,,,,,,,,,,,,,,,,5,5,,,,9,,,,6,,,,1,,,3,,,,1,1,1,,13,1,,6,,3,1,2,1,,,4,5,,9,2,1,,90,,,,18,,1,,,,,,,,2,2,3,1,4,,,2,1,,1,,,,,,,,,16,,,,0,,22,1,3,,1,2,2,2,,,2,24,,,,,,36,,,,,,0,,,,,1.683600,1.683600,1.351800,1.351800,629yaod9sjr350jvivp78vwfz,lineup_position,thor_kr_2026_07_02_ma2.json,thor_kr_2026_07_02_ma12.json,2026-09-06T22:48:31Z,bl44861bagjwhll9ku9ui5kru,S. Ingólfsson,bl44861bagjwhll9ku9ui5kru,as_supplied_by_opta,,Sigurpáll Sören Ingólfsson,91.67,0.0,100.0,1.0,-1.6482,,,,
6eh4rvai2kdhax3ifh5f1s1zo,2026-07-03,13,FH,Stjarnan,H,2-2,Jökull Andrésson,J. Andrésson,29q6xnzs6z0lnt8ntpiber696,1,Goalkeeper,10,1,2,2,,5,,,3,12,,,1,,,,,,,,,,,,,,,,,13,3,,,,8,,,,3,,,3,3,,1,1,,,,2,2,1,,16,1,,4,,2,2,,1,,,5,5,,2,10,2,4,90,,,,17,,,1,,,,,,,10,10,2,,2,1,,4,4,1,5,,,,,,,,,9,,,,0,,12,2,1,,2,10,2,,7,,13,22,,,,,,35,,,,,,0,,,,,1.332500,1.332500,1.275500,1.275500,2ci0yr2esa7y4etjvl5vau077,lineup_position,fh_stjarnan_2026_07_03_ma2.json,fh_stjarnan_2026_07_03_ma12.json,2026-09-06T22:48:31Z,29q6xnzs6z0lnt8ntpiber696,J. Andrésson,29q6xnzs6z0lnt8ntpiber696,as_supplied_by_opta,,Jökull Andrésson,54.55,23.08,50.0,5.0,-0.7245,,,,
6eh4rvai2kdhax3ifh5f1s1zo,2026-07-03,13,Stjarnan,FH,A,2-2,Árni Snær Ólafsson,Á. Ólafsson,7ibfw77zng0sh9dv2h0srauol,12,Goalkeeper,21,3,3,,1,3,,,5,24,,,,,,,,,,,,,,,,,,,,5,6,,,,10,,1,,5,,,1,1,,,1,,,,8,8,1,,19,1,,,,2,2,,,,,7,3,,12,11,3,1,90,,,,32,,1,1,1,1,,,,,11,11,3,,2,,,2,2,2,4,,,,,,2,2,2,23,,,,0,,22,6,1,,8,11,,1,5,,13,33,,,,,,43,,,,,,0,,,,,0.917100,0.917100,2.024200,2.024200,23vg6q15dzr375k6757j06wkq,lineup_position,fh_stjarnan_2026_07_03_ma2.json,fh_stjarnan_2026_07_03_ma12.json,2026-09-06T22:48:31Z,7ibfw77zng0sh9dv2h0srauol,Á. Ólafsson,7ibfw77zng0sh9dv2h0srauol,as_supplied_by_opta,,Árni Snær Ólafsson,72.73,38.46,,4.0,0.0242,,,,
6cuq7xegwrd9enwtmk6htsh04,2026-07-04,13,ÍBV,Valur,H,1-0,Ari í Haraldsstovu Petersen,A. Petersen,92h0ymqm9kvcav8rvzftpvq0a,33,Goalkeeper,20,3,4,1,1,6,5,,9,24,,,,,,,,,,,,,,,,,,,,1,3,,,,8,,1,,6,,1,,1,,1,2,,,,3,,1,,19,1,,1,,,,,,,,6,6,,10,8,4,,90,,,,26,,,2,1,,,,,,6,6,2,,4,1,,1,1,1,2,,,,,,1,,1,22,,,,0,,22,5,2,,3,8,,1,9,,15,30,,,,,,41,,,,,1,0,,,,,0.460800,0.460800,0.968100,0.968100,3tlx1zjkgrsdky3abrqe2c9c3,lineup_position,ibv_valur_2026_07_04_ma2.json,ibv_valur_2026_07_04_ma12.json,2026-09-06T22:48:32Z,92h0ymqm9kvcav8rvzftpvq0a,A. Petersen,92h0ymqm9kvcav8rvzftpvq0a,as_supplied_by_opta,,Ari í Haraldsstovu Petersen,80.0,60.0,100.0,2.0,0.9681,,,,
6cuq7xegwrd9enwtmk6htsh04,2026-07-04,13,Valur,ÍBV,A,0-1,Frederik August Albrecht Schram,F. Schram,c4esrbgbv6v715768v2cb676d,18,Goalkeeper,33,3,1,5,1,10,,,3,34,,,1,,,,,,,,,,,,,,,,,5,10,,,,14,,,,10,,,1,2,,2,,,,,5,5,1,,25,1,1,5,,1,1,,1,,,10,10,,10,11,1,1,90,,,,44,,2,,,,,,,,18,18,3,,6,,,17,2,2,4,,,,,,,,,27,,,,0,,41,5,,,5,11,1,1,14,,21,52,,,,,,69,,,,,1,0,,,,,1.496900,1.496900,1.658600,1.658600,khmdmbol7850k3i07yusgpn,lineup_position,ibv_valur_2026_07_04_ma2.json,ibv_valur_2026_07_04_ma12.json,2026-09-06T22:48:32Z,c4esrbgbv6v715768v2cb676d,F. Schram,c4esrbgbv6v715768v2cb676d,as_supplied_by_opta,,Frederik August Albrecht Schram,65.38,14.29,100.0,4.0,0.6586,,,,
6dvopbqzkp7ilbnkft29zvrx0,2026-07-04,13,ÍA,Breidablik,H,1-2,Jón Sölvi Símonarson,J. Símonarson,dvgli93iyhzu9t5slbbxts178,37,Goalkeeper,15,1,6,4,,2,6,,7,21,,,1,,,,,,,,,,,,,,,,,7,1,,,,7,,,,3,,,,1,,2,1,,,,4,1,1,,17,1,,5,,2,2,,,,,5,2,,6,13,6,1,90,,,,20,,,2,,,,,,,10,10,2,,,,,8,2,,3,,,,,,1,,1,14,,,,0,,18,2,1,,4,13,,,13,,17,31,,,,,,38,,,,,1,0,,,,,1.007400,1.007400,1.567000,1.567000,9ar4wcltrggiz60w77e3z56m2,lineup_position,ia_breidablik_2026_07_04_ma2.json,ia_breidablik_2026_07_04_ma12.json,2026-09-06T22:48:32Z,dvgli93iyhzu9t5slbbxts178,J. Símonarson,dvgli93iyhzu9t5slbbxts178,as_supplied_by_opta,,Jón Sölvi Símonarson,67.74,41.18,80.0,3.0,-0.433,,,,
6dvopbqzkp7ilbnkft29zvrx0,2026-07-04,13,Breidablik,ÍA,A,2-1,Anton Ari Einarsson,A. Einarsson,9zzg49vnaufp7j6yj7pcg6sb9,1,Goalkeeper,28,8,15,5,1,3,4,,19,43,,,,,,,,,,,,,,,,,,,,8,6,,,,8,,1,,18,,,,,,,2,,,,12,11,1,,49,1,,6,,1,1,,1,,,6,3,,13,32,15,1,90,,,,58,,7,2,,,,,,,24,24,1,,11,1,,5,2,,2,,,,1,,6,5,6,35,,,,0,,35,17,2,,12,32,1,1,17,,42,67,,,,,,75,,,,,,0,,,,,1.190000,1.190000,0.875400,0.875400,c6hu27u143y4z4te8b4036bae,lineup_position,ia_breidablik_2026_07_04_ma2.json,ia_breidablik_2026_07_04_ma12.json,2026-09-06T22:48:32Z,9zzg49vnaufp7j6yj7pcg6sb9,A. Einarsson,9zzg49vnaufp7j6yj7pcg6sb9,as_supplied_by_opta,,Anton Ari Einarsson,64.18,45.24,83.33,2.0,-0.1246,,,,
6f81d24184jnl5hn0icpcqmtw,2026-07-06,13,Keflavík,Fram,H,1-1,Ásgeir Orri Magnússon,Ásgeir Orri Magnússon,67iuqfijm1h3db1j85g111rf8,1,Goalkeeper,11,1,7,3,1,10,4,,9,18,,,1,,,,,,,,,,,,,,,,,8,6,,,,17,,1,,10,,,,,,1,1,,,,3,1,1,,24,1,,7,,1,1,,2,,,13,10,,1,16,8,1,90,,,,19,,,1,,,,,,,14,14,1,1,5,,,6,2,1,3,,,,,,2,1,2,13,,,,0,,16,1,1,,3,15,3,1,8,,20,31,,,,,,49,,,,,,0,,,,,0.802000,0.802000,0.560500,0.560500,96h322mg5vnaneem9fjzgvioq,lineup_position,keflavik_fram_2026_07_06_ma2.json,keflavik_fram_2026_07_06_ma12.json,2026-09-06T22:48:32Z,67iuqfijm1h3db1j85g111rf8,Ásgeir Orri Magnússon,67iuqfijm1h3db1j85g111rf8,as_supplied_by_opta,,Ásgeir Orri Magnússon,58.06,45.0,42.86,3.0,-0.4395,,,,
6f81d24184jnl5hn0icpcqmtw,2026-07-06,13,Fram,Keflavík,A,1-1,Viktor Freyr Sigurðsson,V. Sigurðsson,ep3hf2ww6epapo978sbn665be,22,Goalkeeper,9,,5,4,,2,5,,7,14,,,,,,,,,,,,,,,,,,,,6,4,,,,7,,1,,3,,,,,,,,,,,5,5,1,,16,1,,4,,1,1,,,,,5,2,,4,12,5,,90,,,,14,,1,3,2,2,,,,,8,8,2,,3,,,2,1,1,2,,,,,,1,1,1,8,,,,0,,10,,,,5,12,,,11,,15,22,,,,,,26,,,,,,0,,,,,0.786500,0.786500,0.617100,0.617100,ta7x6ep3lniyckj6la77zw,lineup_position,keflavik_fram_2026_07_06_ma2.json,keflavik_fram_2026_07_06_ma12.json,2026-09-06T22:48:32Z,ep3hf2ww6epapo978sbn665be,V. Sigurðsson,ep3hf2ww6epapo978sbn665be,as_supplied_by_opta,,Viktor Freyr Sigurðsson,63.64,46.67,100.0,2.0,-0.3829,,,,
5grm1xwlcdejee170dlxanklw,2026-07-12,14,FH,Valur,H,2-0,Jökull Andrésson,J. Andrésson,29q6xnzs6z0lnt8ntpiber696,1,Goalkeeper,5,4,8,2,,2,4,,10,13,,,,,,,,,,,,,,,,,,,,11,5,,,,4,,3,,4,,1,1,3,,,,,,,5,2,1,,21,1,,4,,,,,,,,4,3,,2,16,8,1,90,,,,16,,2,5,,,,,,,12,12,,,2,,,1,3,1,4,,,,,,2,1,2,9,,,,0,,8,5,,,5,16,,,11,,21,24,,,,,,31,,,,,,0,,,,,2.654000,2.654000,0.904900,0.904900,2ci0yr2esa7y4etjvl5vau077,lineup_position,fh_valur_2026_07_12_ma2.json,fh_valur_2026_07_12_ma12.json,2026-09-06T22:48:31Z,29q6xnzs6z0lnt8ntpiber696,J. Andrésson,29q6xnzs6z0lnt8ntpiber696,as_supplied_by_opta,,Jökull Andrésson,54.17,47.62,50.0,4.0,0.9049,,,,
5grm1xwlcdejee170dlxanklw,2026-07-12,14,Valur,FH,A,0-2,Frederik August Albrecht Schram,F. Schram,c4esrbgbv6v715768v2cb676d,18,Goalkeeper,9,4,4,2,,6,1,,6,13,,,,,,,,,,,,,,,,,,,,18,8,,,,12,,,,5,,,1,3,,,,,,,6,4,1,,30,1,,5,,2,2,,,,,9,6,,2,20,4,3,90,,,,28,,,3,,,,,,,22,22,3,,1,,,3,5,2,7,,,,,1,,,,11,,,,0,,14,7,,,6,21,,,17,,28,35,,,,,,48,,,,,,0,,,,,2.684100,2.684100,1.953000,1.953000,khmdmbol7850k3i07yusgpn,lineup_position,fh_valur_2026_07_12_ma2.json,fh_valur_2026_07_12_ma12.json,2026-09-06T22:48:31Z,c4esrbgbv6v715768v2cb676d,F. Schram,c4esrbgbv6v715768v2cb676d,as_supplied_by_opta,,Frederik August Albrecht Schram,37.14,21.43,40.0,7.0,-0.047,,,,
6fqobo9rfezc6dy1qh3ysi6ms,2026-07-12,14,KA,ÍA,H,3-2,Steinþór Már Auðunsson,S. Auðunsson,381vrdne8tq32r6gu1hc5dp05,13,Goalkeeper,20,,6,11,1,7,4,,7,26,,1,,,,,,,,,,,,,,,,,,13,9,,,,9,,2,,3,,,1,1,2,,1,,,,5,3,1,1,18,1,,16,,2,2,,1,,,8,7,,5,15,6,2,90,,,,19,,4,4,,,1,1,1,,11,11,,,1,,,14,2,1,3,,,,,,3,2,3,13,,,,0,,22,1,1,,5,15,1,1,8,,17,37,,,,,,49,,,,,,0,,,,1,2.909600,2.121200,1.382100,0.547700,4mo70a9j7p2ersbrieg5aw3dg,lineup_position,ka_ia_2026_07_12_ma2.json,ka_ia_2026_07_12_ma12.json,2026-09-06T22:48:31Z,381vrdne8tq32r6gu1hc5dp05,S. Auðunsson,381vrdne8tq32r6gu1hc5dp05,as_supplied_by_opta,,Steinþór Már Auðunsson,70.27,41.18,68.75,3.0,-0.6179,,,,
6fqobo9rfezc6dy1qh3ysi6ms,2026-07-12,14,ÍA,KA,A,2-3,Jón Sölvi Símonarson,J. Símonarson,dvgli93iyhzu9t5slbbxts178,37,Goalkeeper,15,1,2,1,,8,1,,4,17,,,,1,,,,,,,,,,,,,,,,10,11,,,,13,1,3,,7,,,,2,,,,,,,2,1,1,,19,1,,4,,3,2,1,1,,,9,8,,3,9,2,2,90,,1,,17,,1,,1,1,,,1,1,7,7,3,,2,,,2,5,3,8,,1,,,1,1,1,1,14,1,1,,0,1,15,1,,,2,9,1,,5,,11,24,,,,,,41,,,,,,0,,,,,2.596500,1.808100,3.454200,2.731600,9ar4wcltrggiz60w77e3z56m2,lineup_position,ka_ia_2026_07_12_ma2.json,ka_ia_2026_07_12_ma12.json,2026-09-06T22:48:31Z,dvgli93iyhzu9t5slbbxts178,J. Símonarson,dvgli93iyhzu9t5slbbxts178,as_supplied_by_opta,,Jón Sölvi Símonarson,70.83,36.36,25.0,8.0,0.4542,,,,
6g9nxsi83fiowo4dcfn4rqqz8,2026-07-12,14,Fram,Thór,H,6-1,Viktor Freyr Sigurðsson,V. Sigurðsson,ep3hf2ww6epapo978sbn665be,22,Goalkeeper,24,1,2,5,,3,2,,4,26,,,,,,,,,,,,,,,,,,,,9,5,,,,9,,,,6,,,,1,,,1,,,,5,4,1,,17,1,,5,,1,1,,,,,6,3,,12,9,2,1,90,,,,29,,2,2,1,1,,,,,9,9,3,,1,,,6,,2,2,,,,,,1,1,1,21,,,,0,,26,2,1,,5,9,,,10,,13,35,,,,,,41,,,,,,0,,,,,1.520300,1.520300,1.066900,1.066900,ta7x6ep3lniyckj6la77zw,lineup_position,fram_thor_2026_07_12_ma2.json,fram_thor_2026_07_12_ma12.json,2026-09-06T22:48:31Z,ep3hf2ww6epapo978sbn665be,V. Sigurðsson,ep3hf2ww6epapo978sbn665be,as_supplied_by_opta,,Viktor Freyr Sigurðsson,74.29,30.77,100.0,2.0,0.0669,,,,
6g9nxsi83fiowo4dcfn4rqqz8,2026-07-12,14,Thór,Fram,A,1-6,Aron Birkir Stefánsson,A. Stefánsson,2vfiu4zekww816g1j3bverill,1,Goalkeeper,23,5,5,5,,1,1,,8,28,,,,,,,,,,,,,,,,,,,,18,10,,,,7,,,,3,,,2,3,,,2,,,,5,2,1,,30,1,,8,,6,6,,,,,3,1,,6,17,5,2,90,,,,30,,7,3,,,,,,,12,12,4,,,1,,4,4,1,5,,,,,,1,,1,23,,,,0,,23,6,2,,5,17,,,9,,20,40,,,,,,49,,,,,,0,,,,,3.424800,3.424800,3.933200,3.933200,dys496cnlmowm95ehcfgcrvbm,lineup_position,fram_thor_2026_07_12_ma2.json,fram_thor_2026_07_12_ma12.json,2026-09-06T22:48:31Z,2vfiu4zekww816g1j3bverill,A. Stefánsson,2vfiu4zekww816g1j3bverill,as_supplied_by_opta,,Aron Birkir Stefánsson,70.0,40.0,62.5,5.0,-2.0668,,,,
6gse9rm705g3mapeypyl0s0lw,2026-07-12,14,KR,ÍBV,H,5-2,Halldór Snær Georgsson,H. Georgsson,cdx5akkzjrm6j7erasu8k4hlg,12,Goalkeeper,33,1,5,1,2,3,4,,6,38,,,,,,,,,,,,,,,,,,,,10,1,,,,15,,1,,10,,,,,,1,,,,,6,6,1,,27,1,,1,,2,2,,,,,8,3,,12,12,5,,90,,,,46,,1,2,,,1,,1,,12,12,7,,3,,,11,2,,2,,,,,1,1,1,1,35,,,,0,,38,5,,,6,12,,2,10,,17,50,,,,,,56,,,,,1,0,,,,,1.699700,0.911300,1.371600,0.532200,629yaod9sjr350jvivp78vwfz,lineup_position,kr_ibv_2026_07_12_ma2.json,kr_ibv_2026_07_12_ma12.json,2026-09-06T22:48:32Z,cdx5akkzjrm6j7erasu8k4hlg,H. Georgsson,cdx5akkzjrm6j7erasu8k4hlg,as_supplied_by_opta,,Halldór Snær Georgsson,76.0,35.29,100.0,2.0,-0.6284,,,,
6gse9rm705g3mapeypyl0s0lw,2026-07-12,14,ÍBV,KR,A,2-5,Ari í Haraldsstovu Petersen,A. Petersen,92h0ymqm9kvcav8rvzftpvq0a,33,Goalkeeper,22,1,,3,,6,2,,2,22,,,,,,,,,,,,,,,,,,,,20,8,,,,10,,1,,2,,,,,,,3,,,,,,1,,19,1,,6,,5,4,1,,,,7,6,,8,4,,1,90,,,,24,,1,,,,1,,1,,10,10,2,1,,2,,5,3,2,5,,,,1,,,,,18,,,,0,,28,4,3,,,4,,,4,,11,32,,,,,,46,,,,,,0,,,,,3.559400,2.771000,2.711700,1.904400,3tlx1zjkgrsdky3abrqe2c9c3,lineup_position,kr_ibv_2026_07_12_ma2.json,kr_ibv_2026_07_12_ma12.json,2026-09-06T22:48:32Z,92h0ymqm9kvcav8rvzftpvq0a,A. Petersen,92h0ymqm9kvcav8rvzftpvq0a,as_supplied_by_opta,,Ari í Haraldsstovu Petersen,68.75,18.18,50.0,5.0,-2.2883,,,,
6hw3h5x1v9e7ruwv3td3lx4ic,2026-07-13,14,Breidablik,Keflavík,H,2-1,Anton Ari Einarsson,A. Einarsson,9zzg49vnaufp7j6yj7pcg6sb9,1,Goalkeeper,21,1,4,3,,8,2,,5,25,,,,,,,,,,,,,,,,,,,,9,6,,,,11,,,,2,,,2,2,,,,,,1,2,2,1,,22,1,1,4,,1,,1,,,,10,9,,7,9,5,2,90,,,,24,,,1,1,1,,,,,7,7,1,,,,,2,3,2,5,,,,1,,1,1,1,21,1,1,,0,,23,1,,,2,8,,,5,,10,31,,,,,,47,,,,,,0,,,,,0.994600,0.994600,0.700700,0.700700,c6hu27u143y4z4te8b4036bae,lineup_position,breidablik_keflavik_2026_07_13_ma2.json,breidablik_keflavik_2026_07_13_ma12.json,2026-09-06T22:48:32Z,9zzg49vnaufp7j6yj7pcg6sb9,A. Einarsson,9zzg49vnaufp7j6yj7pcg6sb9,as_supplied_by_opta,,Anton Ari Einarsson,80.65,50.0,75.0,5.0,-0.2993,,,,
6hw3h5x1v9e7ruwv3td3lx4ic,2026-07-13,14,Keflavík,Breidablik,A,1-2,Ásgeir Orri Magnússon,Ásgeir Orri Magnússon,67iuqfijm1h3db1j85g111rf8,1,Goalkeeper,26,5,8,5,4,4,5,,14,34,,,,,,,,,,,,,,,,,,,,8,2,,,,4,,1,1,8,,,,,,,3,,,1,1,1,1,,22,1,,6,,2,2,,1,,,3,4,,8,10,8,2,90,,,,30,,3,,,,,,,,4,4,,,4,,1,8,1,2,3,,,,,,1,1,1,27,,,1,0,,28,6,3,,1,10,3,4,7,,18,38,,,,,,52,,,,,,0,,,,,0.791000,0.791000,1.780700,1.780700,96h322mg5vnaneem9fjzgvioq,lineup_position,breidablik_keflavik_2026_07_13_ma2.json,breidablik_keflavik_2026_07_13_ma12.json,2026-09-06T22:48:32Z,67iuqfijm1h3db1j85g111rf8,Ásgeir Orri Magnússon,67iuqfijm1h3db1j85g111rf8,as_supplied_by_opta,,Ásgeir Orri Magnússon,89.47,77.78,83.33,3.0,-0.2193,,,,
6ijfmztvizp14h1hxr0k90rv8,2026-07-18,15,Thór,Víkingur R,H,2-1,Aron Birkir Stefánsson,A. Stefánsson,2vfiu4zekww816g1j3bverill,1,Goalkeeper,20,,9,3,1,3,7,,10,29,,,,,,,,,,,,,,,,,,,,15,4,,,,11,,1,,10,,,2,3,,2,2,,,,17,8,1,,36,1,1,11,,1,1,,,,,9,3,,7,27,9,2,90,,,,33,,2,11,1,1,,,,,20,20,2,,2,2,,5,2,1,3,,,,,,4,3,4,25,,,,0,,21,1,2,,17,27,,1,17,,29,48,,,,,,61,,,,,2,0,,,,1,1.514900,1.514900,1.030700,1.030700,dys496cnlmowm95ehcfgcrvbm,lineup_position,thor_vikingur_r_2026_07_18_ma2.json,thor_vikingur_r_2026_07_18_ma12.json,2026-09-06T22:48:31Z,2vfiu4zekww816g1j3bverill,A. Stefánsson,2vfiu4zekww816g1j3bverill,as_supplied_by_opta,,Aron Birkir Stefánsson,60.42,34.48,27.27,3.0,0.0307,,,,
6ijfmztvizp14h1hxr0k90rv8,2026-07-18,15,Víkingur R,Thór,A,1-2,Ögmundur Kristinsson,Ö. Kristinsson,3id109ui2dalt4xel2wf2x1p1,47,Goalkeeper,27,2,1,3,1,6,1,,3,28,,1,,,,,,,,,,,,,,,,,,5,7,,,,11,,1,,7,,,,,1,,1,,,,1,1,1,,9,1,,3,,2,1,1,,,,7,6,,18,2,1,,90,,,,26,,1,,,,,,,,3,3,4,,2,,,4,1,1,2,,,,,1,,,,24,,,,0,,29,2,1,,1,2,,1,3,,6,31,,,,,,40,,,,,,0,,,,,0.879700,0.879700,2.277900,2.277900,7gmdb4hmtrz199zv9r66qy9qp,lineup_position,thor_vikingur_r_2026_07_18_ma2.json,thor_vikingur_r_2026_07_18_ma12.json,2026-09-06T22:48:31Z,3id109ui2dalt4xel2wf2x1p1,Ö. Kristinsson,3id109ui2dalt4xel2wf2x1p1,as_supplied_by_opta,,Ögmundur Kristinsson,90.32,50.0,100.0,2.0,0.2779,,,,
6j20pj0jj17jfhnurgrpg00es,2026-07-18,15,Valur,Fram,H,2-3,Frederik August Albrecht Schram,F. Schram,c4esrbgbv6v715768v2cb676d,18,Goalkeeper,30,1,,6,,6,1,,3,30,,,1,,1,,1,,,,1,1,1,,1,,,,,16,8,1,,,10,,,,5,,,,1,,1,1,,,1,6,4,1,,25,1,,11,,3,2,1,1,,,6,6,,14,14,,1,90,,,,35,,1,2,1,1,,,,,18,18,3,,2,,,9,,3,3,,,1,,,,,,24,,,,0,,34,3,1,,6,14,1,,9,,19,48,1,,,,,60,1,1,,,,0,,,,,2.724200,2.724200,1.867600,1.867600,khmdmbol7850k3i07yusgpn,lineup_position,valur_fram_2026_07_18_ma2.json,valur_fram_2026_07_18_ma12.json,2026-09-06T22:48:31Z,c4esrbgbv6v715768v2cb676d,F. Schram,c4esrbgbv6v715768v2cb676d,as_supplied_by_opta,,Frederik August Albrecht Schram,62.5,15.79,54.55,3.0,-1.1324,,,,
6j20pj0jj17jfhnurgrpg00es,2026-07-18,15,Fram,Valur,A,3-2,Viktor Freyr Sigurðsson,V. Sigurðsson,ep3hf2ww6epapo978sbn665be,22,Goalkeeper,12,,3,,2,9,2,,3,15,,,,,,,,,,,,,,,,,,,,10,12,,,,16,,,,,,,1,1,,,2,,,,3,2,1,,20,1,,1,,2,1,1,,,,14,9,,7,11,3,1,90,,,,27,,6,1,,,,,,,15,15,2,,,1,,3,4,1,5,,,,,,1,1,1,14,,,,0,,19,2,2,,3,11,,2,11,,17,30,,,,,,46,,,,,,0,,,,,1.415900,1.415900,1.086000,1.086000,ta7x6ep3lniyckj6la77zw,lineup_position,valur_fram_2026_07_18_ma2.json,valur_fram_2026_07_18_ma12.json,2026-09-06T22:48:31Z,ep3hf2ww6epapo978sbn665be,V. Sigurðsson,ep3hf2ww6epapo978sbn665be,as_supplied_by_opta,,Viktor Freyr Sigurðsson,50.0,17.65,0.0,5.0,-0.914,,,,
6jlfl6fir4sxq6lmrws6ydrf8,2026-07-19,15,ÍBV,KA,H,2-2,Ari í Haraldsstovu Petersen,A. Petersen,92h0ymqm9kvcav8rvzftpvq0a,33,Goalkeeper,28,4,2,3,,7,1,,7,30,,,,,,,,,,,,,,,,,,,,7,6,,,,11,,,,7,,,,2,,,,,,,3,2,1,,14,1,,5,,2,1,1,,,,7,7,,19,6,2,,90,,,,33,,1,,,,,,,,8,8,4,,2,,,5,2,1,3,,,,,,1,,1,27,,,,0,,32,5,,,3,6,,,6,,15,38,,,,,,48,,,,,,0,,,,,1.202600,1.202600,2.006500,2.006500,3tlx1zjkgrsdky3abrqe2c9c3,lineup_position,ibv_ka_2026_07_19_ma2.json,ibv_ka_2026_07_19_ma12.json,2026-09-06T22:48:32Z,92h0ymqm9kvcav8rvzftpvq0a,A. Petersen,92h0ymqm9kvcav8rvzftpvq0a,as_supplied_by_opta,,Ari í Haraldsstovu Petersen,78.95,46.67,60.0,3.0,0.0065,,,,
6jlfl6fir4sxq6lmrws6ydrf8,2026-07-19,15,KA,ÍBV,A,2-2,Ívar Arnbro Þórhallsson,Í. Þórhallsson,b4ffy39rimcfhu66yflwba8t0,1,Goalkeeper,20,3,3,7,3,4,,,4,23,,,1,,,,,,,,,,,,,,,,,11,5,,,,9,,2,,2,,,,,,1,3,,,,7,3,1,,19,1,,12,,2,2,,1,,,4,4,,6,15,3,1,90,,,,22,,,8,,,1,,1,,15,15,4,,1,2,,13,2,1,3,,,,,,,,,15,,,,0,,23,3,3,,7,15,1,3,9,,19,38,,,,,,49,,,,,,0,,,,,2.079700,1.291300,2.242200,1.541700,4mo70a9j7p2ersbrieg5aw3dg,lineup_position,ibv_ka_2026_07_19_ma2.json,ibv_ka_2026_07_19_ma12.json,2026-09-06T22:48:32Z,b4ffy39rimcfhu66yflwba8t0,Í. Þórhallsson,b4ffy39rimcfhu66yflwba8t0,as_supplied_by_opta,,Ívar Arnbro Þórhallsson,60.53,21.05,58.33,3.0,0.2422,,,,
6kml4na7gmf0yn6ds3bjli784,2026-07-19,15,KR,Stjarnan,H,5-0,Halldór Snær Georgsson,H. Georgsson,cdx5akkzjrm6j7erasu8k4hlg,12,Goalkeeper,31,2,5,8,2,3,4,,7,36,,,,,,,,,,,,,,,,,,,,7,3,,,,4,,,,6,,1,,,,,2,1,,,1,1,1,,23,1,,9,,,,,,1,,3,3,,13,8,5,,90,,,,31,,1,1,,,,,,,5,5,1,,3,,,5,,,,,,,,,1,1,1,27,,,,0,,33,3,2,,1,8,,2,6,,12,41,,,,,,46,,,,,,0,,,,,1.127700,1.127700,0,0,629yaod9sjr350jvivp78vwfz,lineup_position,kr_stjarnan_2026_07_19_ma2.json,kr_stjarnan_2026_07_19_ma12.json,2026-09-06T22:48:31Z,cdx5akkzjrm6j7erasu8k4hlg,H. Georgsson,cdx5akkzjrm6j7erasu8k4hlg,as_supplied_by_opta,,Halldór Snær Georgsson,87.8,58.33,88.89,0.0,0.0,expectedGoalsontargetConceded|expectedGoalsontargetNonpenaltyConceded,,,
6kml4na7gmf0yn6ds3bjli784,2026-07-19,15,Stjarnan,KR,A,0-5,Árni Snær Ólafsson,Á. Ólafsson,7ibfw77zng0sh9dv2h0srauol,12,Goalkeeper,32,7,7,3,1,3,3,,11,39,,,,,,,,,,,,,,,,,,,,22,14,,,,8,,2,,7,,,1,3,,,,,1,,12,11,1,,33,1,,3,,5,4,1,1,,,6,3,,12,19,7,1,90,,,,44,,2,4,2,2,1,,1,,13,13,1,,4,,,7,6,1,7,,,,,,3,3,3,34,,,,0,,33,12,,,12,19,1,1,9,,24,52,,,,,,63,,,,,,0,,,,,4.397300,3.608900,4.349900,3.482500,23vg6q15dzr375k6757j06wkq,lineup_position,kr_stjarnan_2026_07_19_ma2.json,kr_stjarnan_2026_07_19_ma12.json,2026-09-06T22:48:31Z,7ibfw77zng0sh9dv2h0srauol,Á. Ólafsson,7ibfw77zng0sh9dv2h0srauol,as_supplied_by_opta,,Árni Snær Ólafsson,75.0,45.83,100.0,7.0,-0.6501,,,,
6k43cpem74s85me05orasbc44,2026-07-20,15,Keflavík,ÍA,H,5-2,Ásgeir Orri Magnússon,Ásgeir Orri Magnússon,67iuqfijm1h3db1j85g111rf8,1,Goalkeeper,16,,4,3,1,4,4,,8,20,,1,,,,,,,,,,,,,,,,,,9,6,,,,12,,2,1,3,,,,1,1,,1,,,,4,2,1,1,27,1,,8,,2,2,,1,,,9,4,,3,11,4,2,90,,,,22,,,1,,,1,1,1,,14,14,2,,,,1,4,4,,4,,,,,,,,,17,,,1,0,,23,2,1,,4,11,2,1,8,,21,34,,,,,,46,,,,,,0,,,,1,2.148300,1.359900,1.851700,1.047600,96h322mg5vnaneem9fjzgvioq,lineup_position,keflavik_ia_2026_07_20_ma2.json,keflavik_ia_2026_07_20_ma12.json,2026-09-06T22:48:32Z,67iuqfijm1h3db1j85g111rf8,Ásgeir Orri Magnússon,67iuqfijm1h3db1j85g111rf8,as_supplied_by_opta,,Ásgeir Orri Magnússon,58.82,38.1,37.5,4.0,-0.1483,,,,
6k43cpem74s85me05orasbc44,2026-07-20,15,ÍA,Keflavík,A,2-5,Jón Sölvi Símonarson,J. Símonarson,dvgli93iyhzu9t5slbbxts178,37,Goalkeeper,26,1,1,2,1,7,1,,1,27,,,,,,,,,,,,,,,,,,,,18,11,,,,10,,1,,5,,,,4,,,3,,,,5,4,1,,21,1,,2,,5,1,4,,,,7,7,,5,9,1,3,90,,,,29,,,1,3,3,1,,1,,10,10,3,,1,,,9,5,1,6,,,,,,1,,1,21,,,,0,,26,1,3,,5,9,,1,9,,9,35,,,,,,53,,,2,2,,0,,,,,2.902500,2.114100,3.785200,2.877400,9ar4wcltrggiz60w77e3z56m2,lineup_position,keflavik_ia_2026_07_20_ma2.json,keflavik_ia_2026_07_20_ma12.json,2026-09-06T22:48:32Z,dvgli93iyhzu9t5slbbxts178,J. Símonarson,dvgli93iyhzu9t5slbbxts178,as_supplied_by_opta,,Jón Sölvi Símonarson,77.14,11.11,100.0,6.0,-1.2148,,,,
6l5boitcgm6acvwvgmbo59xck,2026-07-20,15,FH,Breidablik,H,0-0,Jökull Andrésson,J. Andrésson,29q6xnzs6z0lnt8ntpiber696,1,Goalkeeper,13,1,2,3,1,1,3,,4,15,,,,,,,,,,,,,,,,,,,,11,3,,,,2,,,,,,1,,,,,1,,,,1,1,1,,13,1,,4,,,,,,,,2,1,,6,7,2,,90,,,,20,,1,1,,,,,,,11,11,,,,,,7,1,,1,,,,,,1,1,1,11,,,,0,,19,2,1,,1,7,,1,12,,15,26,,,,,,31,,,,,,0,,,,,0.989600,0.989600,0.021000,0.021000,2ci0yr2esa7y4etjvl5vau077,lineup_position,fh_breidablik_2026_07_20_ma2.json,fh_breidablik_2026_07_20_ma12.json,2026-09-06T22:48:32Z,29q6xnzs6z0lnt8ntpiber696,J. Andrésson,29q6xnzs6z0lnt8ntpiber696,as_supplied_by_opta,,Jökull Andrésson,57.69,26.67,75.0,1.0,0.021,,,,
6l5boitcgm6acvwvgmbo59xck,2026-07-20,15,Breidablik,FH,A,0-0,Anton Ari Einarsson,A. Einarsson,9zzg49vnaufp7j6yj7pcg6sb9,1,Goalkeeper,25,4,1,4,,8,1,,7,26,,,1,,,,,,,,,,,,,,,,,11,5,,,,15,,3,,8,,1,,2,,1,1,,,,2,2,1,,22,1,,5,,,,,,,,12,9,,7,10,1,2,90,,,,32,,,2,1,1,,,,,14,14,3,,4,,,10,7,1,8,,,,,3,,,,21,,,,0,,29,4,1,,2,10,,,12,,19,39,,,,,,57,,,,,,0,,,,,1.767200,1.767200,1.993500,1.993500,c6hu27u143y4z4te8b4036bae,lineup_position,fh_breidablik_2026_07_20_ma2.json,fh_breidablik_2026_07_20_ma12.json,2026-09-06T22:48:32Z,9zzg49vnaufp7j6yj7pcg6sb9,A. Einarsson,9zzg49vnaufp7j6yj7pcg6sb9,as_supplied_by_opta,,Anton Ari Einarsson,66.67,36.84,80.0,8.0,1.9935,,,,
6lnynv06x66g2ia1yh0jnp4ic,2026-07-24,16,Víkingur R,Keflavík,H,5-1,Aron Snær Friðriksson,A. Friðriksson,7djiu062df2mock06lrukjw0l,29,Goalkeeper,22,3,3,,,5,2,,5,25,,,,,,,,,,,,,,,,,,,,6,3,,,,5,,1,,10,,,,,,,,,,,6,6,1,,18,1,,1,,1,1,,,,,5,5,,10,12,3,1,90,,,,35,,1,5,,,,,,,11,11,,,3,,,8,1,,1,,,,,,1,1,1,25,,,,0,,24,5,,,6,12,,,10,,16,36,,,,,,42,,,,,,0,,,,,0.829800,0.829800,0.333800,0.333800,7gmdb4hmtrz199zv9r66qy9qp,lineup_position,vikingur_r_keflavik_2026_07_24_ma2.json,vikingur_r_keflavik_2026_07_24_ma12.json,2026-09-06T22:48:31Z,7djiu062df2mock06lrukjw0l,A. Friðriksson,7djiu062df2mock06lrukjw0l,as_supplied_by_opta,,Aron Snær Friðriksson,69.44,31.25,0.0,1.0,-0.6662,,,,
6lnynv06x66g2ia1yh0jnp4ic,2026-07-24,16,Keflavík,Víkingur R,A,1-5,Ásgeir Orri Magnússon,Ásgeir Orri Magnússon,67iuqfijm1h3db1j85g111rf8,1,Goalkeeper,23,2,8,6,1,5,4,,13,31,,,,,,,,,,,,,,,,,,,,19,3,,,,8,,1,,8,,,4,4,,,2,,2,,1,1,1,,31,1,,7,,5,4,1,,,,6,5,,7,16,8,5,90,,,,34,,1,1,,,,,,,13,13,2,,1,1,,4,4,1,5,,,,,,,,,24,,,,0,,26,5,2,,1,16,1,1,11,,24,42,,,,,,57,,,1,1,,0,,,,,3.225500,3.225500,4.236600,4.236600,96h322mg5vnaneem9fjzgvioq,lineup_position,vikingur_r_keflavik_2026_07_24_ma2.json,vikingur_r_keflavik_2026_07_24_ma12.json,2026-09-06T22:48:31Z,67iuqfijm1h3db1j85g111rf8,Ásgeir Orri Magnússon,67iuqfijm1h3db1j85g111rf8,as_supplied_by_opta,,Ásgeir Orri Magnússon,73.81,54.17,85.71,5.0,-0.7634,,,,
5nj00vsakxj77urdnu0mn57v8,2026-07-26,16,ÍA,Stjarnan,H,5-1,Árni Marinó Einarsson,Á. Einarsson,9dwayhvpts3huz0z8pid94i96,1,Goalkeeper,7,,6,4,1,7,2,,7,13,,,1,,,,,,,,,,,,,,,,,10,8,,,,14,,1,,6,,,1,3,,2,3,,,,5,4,1,,24,1,,7,,1,1,,2,,,9,7,,1,16,6,,90,,,,14,,1,,,,,,1,1,14,14,3,,,1,1,2,3,3,6,,,,1,,2,1,2,6,,,,0,,11,1,3,,5,16,3,1,9,,20,27,,,,,,47,,,,,1,0,,,,,1.628000,0.839600,1.856300,1.090700,9ar4wcltrggiz60w77e3z56m2,lineup_position,ia_stjarnan_2026_07_26_ma2.json,ia_stjarnan_2026_07_26_ma12.json,2026-09-06T22:48:31Z,9dwayhvpts3huz0z8pid94i96,Á. Einarsson,9dwayhvpts3huz0z8pid94i96,as_supplied_by_opta,,Árni Marinó Einarsson,48.15,35.0,57.14,6.0,0.8563,,,,
5nj00vsakxj77urdnu0mn57v8,2026-07-26,16,Stjarnan,ÍA,A,1-5,Árni Snær Ólafsson,Á. Ólafsson,7ibfw77zng0sh9dv2h0srauol,12,Goalkeeper,20,2,5,2,1,1,3,,6,25,,,,,,,,,,,,,,,,,,,,6,8,,,,11,,,,6,,,,,,,1,,2,,13,10,1,,32,1,,4,,5,2,3,,,,5,1,,7,20,5,,90,,,,34,,1,3,1,1,,,,,17,17,6,,2,,,3,,,,,,,,,4,3,4,21,,,,0,,22,2,1,,13,20,,1,15,,21,42,,,,,,44,,,,,,0,,,,,2.408500,2.408500,3.039600,3.039600,23vg6q15dzr375k6757j06wkq,lineup_position,ia_stjarnan_2026_07_26_ma2.json,ia_stjarnan_2026_07_26_ma12.json,2026-09-06T22:48:31Z,7ibfw77zng0sh9dv2h0srauol,Á. Ólafsson,7ibfw77zng0sh9dv2h0srauol,as_supplied_by_opta,,Árni Snær Ólafsson,59.52,28.57,50.0,0.0,-1.9604,,,,
6m8hcarbmhojs7z599l64p2qc,2026-07-26,16,Fram,FH,H,0-0,Viktor Freyr Sigurðsson,V. Sigurðsson,ep3hf2ww6epapo978sbn665be,22,Goalkeeper,15,,2,2,,4,3,,5,17,,,,,,,,,,,,,,,,,,,,12,3,,,,10,,1,,6,,1,,,,,1,,,,4,4,1,,15,1,,3,,,,,1,,,9,5,,10,9,2,,90,,,,23,,,2,,,,,,,10,10,,,1,1,,1,1,1,2,,,,,2,2,2,2,15,,,,0,,17,3,1,,4,9,1,,8,,13,26,,,,,,35,,,,,,0,,,,,1.595200,1.595200,0.273100,0.273100,ta7x6ep3lniyckj6la77zw,lineup_position,fram_fh_2026_07_26_ma2.json,fram_fh_2026_07_26_ma12.json,2026-09-06T22:48:31Z,ep3hf2ww6epapo978sbn665be,V. Sigurðsson,ep3hf2ww6epapo978sbn665be,as_supplied_by_opta,,Viktor Freyr Sigurðsson,65.38,38.46,66.67,2.0,0.2731,,,,
6m8hcarbmhojs7z599l64p2qc,2026-07-26,16,FH,Fram,A,0-0,Jökull Andrésson,J. Andrésson,29q6xnzs6z0lnt8ntpiber696,1,Goalkeeper,17,3,1,7,,6,3,,7,18,,,2,,,,,,,,,,,,,,,,,10,6,,,,8,,,,,,1,,1,,2,1,,,,2,,1,,12,1,,9,,,,,2,,,6,6,,2,6,1,1,90,,,,13,,2,,,,,,,,6,6,,,,1,,10,1,1,2,,,,,,,,,9,,,,0,,18,3,1,,2,6,4,,7,,13,24,,,,,,38,,,,,,0,,,,,1.194800,1.194800,0.314500,0.314500,2ci0yr2esa7y4etjvl5vau077,lineup_position,fram_fh_2026_07_26_ma2.json,fram_fh_2026_07_26_ma12.json,2026-09-06T22:48:31Z,29q6xnzs6z0lnt8ntpiber696,J. Andrésson,29q6xnzs6z0lnt8ntpiber696,as_supplied_by_opta,,Jökull Andrésson,75.0,53.85,77.78,2.0,0.3145,,,,
6n9ii6bzwrix2tvuix18mzthw,2026-07-27,16,Breidablik,ÍBV,H,1-0,Anton Ari Einarsson,A. Einarsson,9zzg49vnaufp7j6yj7pcg6sb9,1,Goalkeeper,23,5,2,,,6,1,,6,25,,,2,,,,,,,,,,,,,,,,,7,4,,,,11,,,,7,,1,2,2,,2,1,,,,7,5,1,,23,1,,1,,,,,2,,,9,6,,7,11,2,2,90,,,,30,,2,1,,,,,,,10,10,,,1,,,5,1,2,3,,,,1,,,,,23,,,,0,,24,5,1,,7,11,2,,9,,16,35,,,,,,47,,,,,,0,,,,,0.891900,0.891900,0.727000,0.727000,c6hu27u143y4z4te8b4036bae,lineup_position,breidablik_ibv_2026_07_27_ma2.json,breidablik_ibv_2026_07_27_ma12.json,2026-09-06T22:48:32Z,9zzg49vnaufp7j6yj7pcg6sb9,A. Einarsson,9zzg49vnaufp7j6yj7pcg6sb9,as_supplied_by_opta,,Anton Ari Einarsson,71.43,37.5,0.0,3.0,0.727,,,,
6n9ii6bzwrix2tvuix18mzthw,2026-07-27,16,ÍBV,Breidablik,A,0-1,Ari í Haraldsstovu Petersen,A. Petersen,92h0ymqm9kvcav8rvzftpvq0a,33,Goalkeeper,46,4,4,1,3,7,2,,11,50,,,,,,,,,,,,,,,,,,,,8,2,,,,9,,,,15,,,,,,1,3,2,,,3,3,1,,38,1,,1,,1,1,,1,2,,7,7,,8,10,4,,90,,,,56,,2,1,1,1,,,,,9,9,1,,9,1,1,13,2,1,4,,,,,,1,1,1,47,,,,0,,49,7,3,,3,10,1,3,6,,19,59,,,,,,75,,,,,1,0,,,,,0.582000,0.582000,1.207600,1.207600,3tlx1zjkgrsdky3abrqe2c9c3,lineup_position,breidablik_ibv_2026_07_27_ma2.json,breidablik_ibv_2026_07_27_ma12.json,2026-09-06T22:48:32Z,92h0ymqm9kvcav8rvzftpvq0a,A. Petersen,92h0ymqm9kvcav8rvzftpvq0a,as_supplied_by_opta,,Ari í Haraldsstovu Petersen,84.75,57.89,100.0,4.0,0.2076,,,,
6ns2mm7uc0gbcezv0wqfc47bo,2026-07-27,16,KA,Thór,H,0-0,Ívar Arnbro Þórhallsson,Í. Þórhallsson,b4ffy39rimcfhu66yflwba8t0,1,Goalkeeper,28,4,4,4,,10,1,,7,32,,,,,,,,,,,,,,,,,,,,4,5,,,,12,,,,4,,1,,3,,,,,,,2,2,1,,21,1,,6,,,,,,,,11,10,,9,8,4,,90,,,,33,,2,1,,,,,,,9,9,1,,,,,11,2,4,6,,,,1,,1,1,1,26,,,,0,,33,5,,,2,8,,,7,,16,41,,,,,,57,,,,,,0,,,,,0.465400,0.465400,0.887500,0.887500,4mo70a9j7p2ersbrieg5aw3dg,lineup_position,ka_thor_2026_07_27_ma2.json,ka_thor_2026_07_27_ma12.json,2026-09-06T22:48:31Z,b4ffy39rimcfhu66yflwba8t0,Í. Þórhallsson,b4ffy39rimcfhu66yflwba8t0,as_supplied_by_opta,,Ívar Arnbro Þórhallsson,78.05,43.75,66.67,6.0,0.8875,,,,
6ns2mm7uc0gbcezv0wqfc47bo,2026-07-27,16,Thór,KA,A,0-0,Aron Birkir Stefánsson,A. Stefánsson,2vfiu4zekww816g1j3bverill,1,Goalkeeper,12,5,7,2,1,4,4,,9,19,,,,,,,,,,,,,,,,,,,,6,5,,,,11,,1,,1,,1,1,2,,,1,,,,11,7,1,,29,1,,13,,,,,,,,10,4,,4,25,7,,90,,,,19,,2,8,2,2,,,,,18,18,1,,1,,,4,1,2,3,,,,,,4,3,4,15,,,,0,,12,7,1,,11,25,,1,7,,27,37,,,,,,45,,,,,,0,,,,,0.626800,0.626800,0.641500,0.641500,dys496cnlmowm95ehcfgcrvbm,lineup_position,ka_thor_2026_07_27_ma2.json,ka_thor_2026_07_27_ma12.json,2026-09-06T22:48:31Z,2vfiu4zekww816g1j3bverill,A. Stefánsson,2vfiu4zekww816g1j3bverill,as_supplied_by_opta,,Aron Birkir Stefánsson,51.35,33.33,15.38,3.0,0.6415,,,,
6ocgp8yolwea0h8nxo30knw2c,2026-08-01,17,ÍBV,Fram,H,1-2,Ari í Haraldsstovu Petersen,A. Petersen,92h0ymqm9kvcav8rvzftpvq0a,33,Goalkeeper,45,4,3,4,,4,1,,6,48,,,,,,,,,,,,,,,,,,,,8,4,,,,9,,,,11,,,,,,,,,,,7,7,1,,24,1,,4,,2,2,,,,,6,4,,18,8,3,,90,,,,50,1,4,1,2,2,1,,1,,6,6,3,,5,,,12,1,,1,,,,,,2,2,2,44,,,,0,,46,6,,,7,8,,,5,,12,54,,,,,,59,,,,,,0,,,,,1.302900,0.514500,1.017000,0.176500,3tlx1zjkgrsdky3abrqe2c9c3,lineup_position,ibv_fram_2026_08_01_ma2.json,ibv_fram_2026_08_01_ma12.json,2026-09-06T22:48:32Z,92h0ymqm9kvcav8rvzftpvq0a,A. Petersen,92h0ymqm9kvcav8rvzftpvq0a,as_supplied_by_opta,,Ari í Haraldsstovu Petersen,88.89,50.0,100.0,1.0,0.017,,,,
6ocgp8yolwea0h8nxo30knw2c,2026-08-01,17,Fram,ÍBV,A,2-1,Viktor Freyr Sigurðsson,V. Sigurðsson,ep3hf2ww6epapo978sbn665be,22,Goalkeeper,6,,3,,,3,3,,3,9,,,1,,,,,,,,,,,,,,,,,6,6,,,,14,,,,4,,,,,,3,1,,,,10,5,1,,20,1,,2,,1,1,,2,,,10,3,,3,18,3,,90,,,,16,,3,,,,1,,1,,17,17,2,,2,1,,3,,,,,,,,,2,1,2,7,,,,0,,8,,1,,10,18,2,,16,,20,26,,,,,,35,,,,,2,0,,,,,1.249000,0.460600,0.803000,0,ta7x6ep3lniyckj6la77zw,lineup_position,ibv_fram_2026_08_01_ma2.json,ibv_fram_2026_08_01_ma12.json,2026-09-06T22:48:32Z,ep3hf2ww6epapo978sbn665be,V. Sigurðsson,ep3hf2ww6epapo978sbn665be,as_supplied_by_opta,,Viktor Freyr Sigurðsson,34.62,15.0,0.0,0.0,-0.197,expectedGoalsontargetNonpenaltyConceded,,,
6pf2la0pyqpwd6h95w1v1jz84,2026-08-02,17,ÍA,Víkingur R,H,2-2,Árni Marinó Einarsson,Á. Einarsson,9dwayhvpts3huz0z8pid94i96,1,Goalkeeper,11,2,3,1,1,2,2,,5,14,,,,,,,,,,,,,,,,,,,,6,4,,,,4,,,,1,,,,,,,1,,,,6,6,1,,16,1,,4,,2,1,1,1,,,2,2,,4,12,3,,90,,,,18,,1,3,,,1,,1,,10,10,1,,1,,,4,,,,,,,,,2,2,2,12,,,,0,,12,5,1,,6,12,1,1,6,,15,24,,,,,,28,,,,,,0,,,,,1.859500,1.071100,1.155000,0.380600,9ar4wcltrggiz60w77e3z56m2,lineup_position,ia_vikingur_r_2026_08_02_ma2.json,ia_vikingur_r_2026_08_02_ma12.json,2026-09-06T22:48:31Z,9dwayhvpts3huz0z8pid94i96,Á. Einarsson,9dwayhvpts3huz0z8pid94i96,as_supplied_by_opta,,Árni Marinó Einarsson,58.33,33.33,25.0,0.0,-0.845,,,,
6pf2la0pyqpwd6h95w1v1jz84,2026-08-02,17,Víkingur R,ÍA,A,2-2,Ögmundur Kristinsson,Ö. Kristinsson,3id109ui2dalt4xel2wf2x1p1,47,Goalkeeper,15,4,9,2,1,3,3,,10,24,,,,,,,,,,,,,,,,,,,,9,4,,,,12,,1,,5,,,,,,,2,,,1,14,12,1,,33,1,,3,,2,2,,,,,11,3,,5,24,9,,90,,,,33,,4,3,,,,,,,17,17,1,,2,1,1,3,2,,2,,,,,,6,6,6,20,,,,0,,17,9,2,,14,24,,1,13,,27,41,,,,,,48,,,,,,0,,,,,1.578200,1.578200,1.298200,1.298200,7gmdb4hmtrz199zv9r66qy9qp,lineup_position,ia_vikingur_r_2026_08_02_ma2.json,ia_vikingur_r_2026_08_02_ma12.json,2026-09-06T22:48:31Z,3id109ui2dalt4xel2wf2x1p1,Ö. Kristinsson,3id109ui2dalt4xel2wf2x1p1,as_supplied_by_opta,,Ögmundur Kristinsson,58.54,37.04,66.67,2.0,-0.7018,,,,
6pxgeoksmg9deotwr0p74ik2c,2026-08-03,17,Valur,Stjarnan,H,2-3,Frederik August Albrecht Schram,F. Schram,c4esrbgbv6v715768v2cb676d,18,Goalkeeper,23,,1,7,,8,,,2,24,,,,,,,,,,,,,,,,,,,,17,7,,,,12,,,,,,,2,2,,,1,,,,1,,1,,8,1,,8,,3,3,,1,,,10,9,,10,3,2,1,90,,,,16,,,,,,,,,,4,4,1,,,,,9,3,,3,,,,,,,,,15,,,,0,,25,,1,,1,2,1,,,,4,27,,,,,,42,,,,,,0,,,,,2.517600,2.517600,1.514200,1.514200,khmdmbol7850k3i07yusgpn,lineup_position,valur_stjarnan_2026_08_03_ma2.json,valur_stjarnan_2026_08_03_ma12.json,2026-09-06T22:48:31Z,c4esrbgbv6v715768v2cb676d,F. Schram,c4esrbgbv6v715768v2cb676d,as_supplied_by_opta,,Frederik August Albrecht Schram,88.89,50.0,87.5,3.0,-1.4858,,,,
6pxgeoksmg9deotwr0p74ik2c,2026-08-03,17,Stjarnan,Valur,A,3-2,Árni Snær Ólafsson,Á. Ólafsson,7ibfw77zng0sh9dv2h0srauol,12,Goalkeeper,31,2,7,2,1,3,3,,8,38,,,,,,,,,,,,,,,,,,,,9,8,,,,6,,,,5,,,1,1,,,,,,,4,1,1,,25,1,,2,,2,1,1,,,,3,3,,12,11,7,1,90,,,,38,,4,,,,,,,,5,5,3,,1,,,6,2,2,4,,,,,,3,1,3,34,,,,0,,32,3,,,4,11,,1,7,,12,43,,,,,,50,,,,,,0,,,,,1.189900,1.189900,0.946000,0.946000,23vg6q15dzr375k6757j06wkq,lineup_position,valur_stjarnan_2026_08_03_ma2.json,valur_stjarnan_2026_08_03_ma12.json,2026-09-06T22:48:31Z,7ibfw77zng0sh9dv2h0srauol,Á. Ólafsson,7ibfw77zng0sh9dv2h0srauol,as_supplied_by_opta,,Árni Snær Ólafsson,88.37,66.67,100.0,4.0,-1.054,,,,
6owoqahqoe666hvqas1ge0x78,2026-08-04,17,Thór,Breidablik,H,1-0,Aron Birkir Stefánsson,A. Stefánsson,2vfiu4zekww816g1j3bverill,1,Goalkeeper,11,2,5,2,1,3,1,,6,16,,,1,,,,,,,,,,,,,,,,,12,3,,,,5,,,,3,,1,,1,,2,2,,,,8,4,1,,19,1,,10,,,,,,,,5,3,,6,18,5,,90,,,,17,,2,8,1,1,,,,,13,13,,,2,2,,4,2,1,3,,,,,,3,2,3,14,,,,0,,11,5,2,,8,18,,1,3,,19,29,,,,,,38,,,,,1,0,,,,,0.853800,0.853800,0.453300,0.453300,dys496cnlmowm95ehcfgcrvbm,lineup_position,thor_breidablik_2026_08_04_ma2.json,thor_breidablik_2026_08_04_ma12.json,2026-09-06T22:48:32Z,2vfiu4zekww816g1j3bverill,A. Stefánsson,2vfiu4zekww816g1j3bverill,as_supplied_by_opta,,Aron Birkir Stefánsson,55.17,31.58,20.0,3.0,0.4533,,,,
6owoqahqoe666hvqas1ge0x78,2026-08-04,17,Breidablik,Thór,A,0-1,Anton Ari Einarsson,A. Einarsson,9zzg49vnaufp7j6yj7pcg6sb9,1,Goalkeeper,32,4,2,1,1,3,,,5,34,,,,,,,,,,,,,,,,,,,,10,6,,,,11,,,,6,,,,1,,,,,,,2,2,1,,20,1,,1,,1,1,,2,,,7,4,,8,6,2,,90,,,,37,,1,,,,,,,,8,8,2,,2,,,13,1,2,3,,,,1,,1,1,1,32,,,,0,,35,8,,,2,6,2,1,2,,12,41,,,,,,50,,,,,,0,,,,,2.426600,2.426600,1.149200,1.149200,c6hu27u143y4z4te8b4036bae,lineup_position,thor_breidablik_2026_08_04_ma2.json,thor_breidablik_2026_08_04_ma12.json,2026-09-06T22:48:32Z,9zzg49vnaufp7j6yj7pcg6sb9,A. Einarsson,9zzg49vnaufp7j6yj7pcg6sb9,as_supplied_by_opta,,Anton Ari Einarsson,82.93,41.67,100.0,3.0,0.1492,,,,
6qg15to0b2rjab3e1lgrimcd0,2026-08-05,17,Keflavík,KA,H,3-0,Ásgeir Orri Magnússon,Ásgeir Orri Magnússon,67iuqfijm1h3db1j85g111rf8,1,Goalkeeper,8,,7,8,1,9,1,,10,15,,,1,,,,,,,,,,,,,,,,,8,9,,,,11,,1,,2,,1,,,,2,3,,,,3,1,1,,23,1,,14,,,,,2,,,9,9,,1,18,7,,90,,,,6,,1,,1,1,,,,,12,12,,,1,2,,3,2,1,3,,,,,2,,,,5,,,,0,,9,1,3,,3,18,3,1,5,,22,27,,,,,,46,,,,,1,0,,,,,1.328600,1.328600,0.712300,0.712300,96h322mg5vnaneem9fjzgvioq,lineup_position,keflavik_ka_2026_08_05_ma2.json,keflavik_ka_2026_08_05_ma12.json,2026-09-06T22:48:32Z,67iuqfijm1h3db1j85g111rf8,Ásgeir Orri Magnússon,67iuqfijm1h3db1j85g111rf8,as_supplied_by_opta,,Ásgeir Orri Magnússon,55.56,45.45,57.14,3.0,0.7123,,,,
6qg15to0b2rjab3e1lgrimcd0,2026-08-05,17,KA,Keflavík,A,0-3,Ívar Arnbro Þórhallsson,Í. Þórhallsson,b4ffy39rimcfhu66yflwba8t0,1,Goalkeeper,15,,2,6,,3,3,,5,17,,,,,,,,,,,,,,,,,,,,13,5,,,,6,,1,,1,,,1,1,,,,,,,2,2,1,,19,1,,7,,3,2,1,,,,3,3,,1,9,2,,90,,,,20,,8,,,,,,,,10,10,3,,1,,,7,1,1,2,,,,,1,,,,11,,,,0,,18,2,,,2,9,,,10,,15,27,,,,,,32,,,,,,0,,,,,3.253200,3.253200,2.557200,2.557200,4mo70a9j7p2ersbrieg5aw3dg,lineup_position,keflavik_ka_2026_08_05_ma2.json,keflavik_ka_2026_08_05_ma12.json,2026-09-06T22:48:32Z,b4ffy39rimcfhu66yflwba8t0,Í. Þórhallsson,b4ffy39rimcfhu66yflwba8t0,as_supplied_by_opta,,Ívar Arnbro Þórhallsson,62.96,33.33,85.71,2.0,-0.4428,,,,
6r2iztqny98q8lc9z9k2422ok,2026-08-05,17,FH,KR,H,1-1,Jökull Andrésson,J. Andrésson,29q6xnzs6z0lnt8ntpiber696,1,Goalkeeper,14,2,,8,1,8,,,2,14,,,1,,,,,,,,,,,,,,,,,20,12,,,,13,,3,,3,,,2,6,,1,3,,,,1,1,1,,13,1,1,8,,1,1,,2,,,11,9,,6,4,,1,90,,,,12,,1,1,,,,,,,9,9,,,,2,,3,6,3,9,,,,,1,,,,5,,,,0,,18,4,3,,1,4,2,2,5,,10,22,,,,,,46,,,,,,0,,,,,4.785000,4.785000,3.730500,3.730500,2ci0yr2esa7y4etjvl5vau077,lineup_position,fh_kr_2026_08_05_ma2.json,fh_kr_2026_08_05_ma12.json,2026-09-06T22:48:31Z,29q6xnzs6z0lnt8ntpiber696,J. Andrésson,29q6xnzs6z0lnt8ntpiber696,as_supplied_by_opta,,Jökull Andrésson,63.64,20.0,100.0,9.0,2.7305,,,,
6r2iztqny98q8lc9z9k2422ok,2026-08-05,17,KR,FH,A,1-1,Halldór Snær Georgsson,H. Georgsson,cdx5akkzjrm6j7erasu8k4hlg,12,Goalkeeper,18,,2,4,2,3,3,,4,20,,,,1,,,,,,,,,,,,,,,,7,5,,,,8,1,1,,4,,,,,,,2,,,,9,8,1,,26,1,,5,,1,1,,,,,6,4,,5,11,2,2,90,,1,,27,,2,1,1,1,,,,,14,14,2,,,,,2,3,,3,,1,,,1,2,2,2,16,,,,0,1,22,3,2,,9,11,,2,12,,17,33,,,,,,42,,,,,,0,,,,,0.878800,0.878800,1.669700,1.669700,629yaod9sjr350jvivp78vwfz,lineup_position,fh_kr_2026_08_05_ma2.json,fh_kr_2026_08_05_ma12.json,2026-09-06T22:48:31Z,cdx5akkzjrm6j7erasu8k4hlg,H. Georgsson,cdx5akkzjrm6j7erasu8k4hlg,as_supplied_by_opta,,Halldór Snær Georgsson,60.61,23.53,80.0,3.0,0.6697,,,,
6rkztq8kdlpsnthcqgnexvris,2026-08-09,18,ÍA,Thór,H,2-0,Árni Marinó Einarsson,Á. Einarsson,9dwayhvpts3huz0z8pid94i96,1,Goalkeeper,6,,6,3,,3,4,,7,12,,,1,,,,,,,,,,,,,,,,,10,6,,,,12,,,,,,1,,,,1,2,,,1,10,6,1,,26,1,,4,,,,,1,,,10,3,,1,22,6,1,90,,,,20,,2,1,,,,,,,18,18,1,,,1,,3,3,1,4,,,,,1,3,1,3,8,,,,0,,8,1,2,,10,22,3,,17,,25,30,,,,,,42,,,,,,0,,,,,1.478300,1.478300,0.542800,0.542800,9ar4wcltrggiz60w77e3z56m2,lineup_position,ia_thor_2026_08_09_ma2.json,ia_thor_2026_08_09_ma12.json,2026-09-06T22:48:31Z,9dwayhvpts3huz0z8pid94i96,Á. Einarsson,9dwayhvpts3huz0z8pid94i96,as_supplied_by_opta,,Árni Marinó Einarsson,40.0,28.0,75.0,4.0,0.5428,,,,
6rkztq8kdlpsnthcqgnexvris,2026-08-09,18,Thór,ÍA,A,0-2,Aron Birkir Stefánsson,A. Stefánsson,2vfiu4zekww816g1j3bverill,1,Goalkeeper,5,4,17,6,2,6,7,,17,22,,,,,,,,,,,,,,,,,,,,18,6,,,1,13,,3,,10,,,3,4,,,1,,,,34,25,1,,49,1,,13,,2,2,,2,,,10,7,,2,48,17,2,90,,,,36,,18,7,1,1,1,,1,,34,34,1,,6,,,3,4,3,7,,,,,1,13,9,13,14,,,,0,,7,11,1,,34,48,3,2,25,,50,55,,,,,,73,,,,,,0,,,,,3.843600,3.055200,1.993300,1.225400,dys496cnlmowm95ehcfgcrvbm,lineup_position,ia_thor_2026_08_09_ma2.json,ia_thor_2026_08_09_ma12.json,2026-09-06T22:48:31Z,2vfiu4zekww816g1j3bverill,A. Stefánsson,2vfiu4zekww816g1j3bverill,as_supplied_by_opta,,Aron Birkir Stefánsson,40.0,34.0,46.15,7.0,-0.0067,,,,
6s3ij28l2gs2ge13k1ldahous,2026-08-09,18,Víkingur R,ÍBV,H,2-2,Aron Snær Friðriksson,A. Friðriksson,7djiu062df2mock06lrukjw0l,29,Goalkeeper,32,,3,1,2,2,3,,4,35,,,,,,,,,,,,,,,,,,,,6,1,,,,5,,,,4,,,,,,,2,,,,,,1,,14,1,,1,,2,2,,,,,3,2,,10,4,3,,90,,,,36,,,,,,1,,1,,2,2,2,,1,,,13,,,,,,,,,,,,34,,,,0,,33,,2,,,4,,2,5,,6,37,,,,,,41,,,,,,0,,,,,3.051700,2.263300,1.726700,0.995300,7gmdb4hmtrz199zv9r66qy9qp,lineup_position,vikingur_r_ibv_2026_08_09_ma2.json,vikingur_r_ibv_2026_08_09_ma12.json,2026-09-06T22:48:32Z,7djiu062df2mock06lrukjw0l,A. Friðriksson,7djiu062df2mock06lrukjw0l,as_supplied_by_opta,,Aron Snær Friðriksson,94.59,66.67,100.0,0.0,-0.2733,,,,
6s3ij28l2gs2ge13k1ldahous,2026-08-09,18,ÍBV,Víkingur R,A,2-2,Ari í Haraldsstovu Petersen,A. Petersen,92h0ymqm9kvcav8rvzftpvq0a,33,Goalkeeper,38,3,2,1,1,8,1,,7,40,,,,,,,,,,,,,,,,,,,,17,5,,,,19,,,,9,,,2,2,,,2,,,,,,1,,30,1,,3,,2,2,,2,,,10,8,,11,8,2,1,90,,,,45,,1,,,,,,,,12,12,7,,4,,,11,3,3,6,,,,,,,,,37,,,,0,,44,6,2,,,8,3,1,6,,18,52,,,,,,71,,,,,,0,,,,,2.516800,2.516800,1.983500,1.983500,3tlx1zjkgrsdky3abrqe2c9c3,lineup_position,vikingur_r_ibv_2026_08_09_ma2.json,vikingur_r_ibv_2026_08_09_ma12.json,2026-09-06T22:48:32Z,92h0ymqm9kvcav8rvzftpvq0a,A. Petersen,92h0ymqm9kvcav8rvzftpvq0a,as_supplied_by_opta,,Ari í Haraldsstovu Petersen,76.92,38.89,33.33,6.0,-0.0165,,,,
6slosuahlke6xjbyujytmsrv8,2026-08-09,18,KA,FH,H,0-1,Ívar Arnbro Þórhallsson,Í. Þórhallsson,b4ffy39rimcfhu66yflwba8t0,1,Goalkeeper,15,3,4,3,2,4,2,,6,19,,,1,,,,,,,,,,,,,,,,,11,7,,,,9,,,,4,,,2,2,,1,3,,,,5,3,1,,21,1,,7,,1,1,,,,,6,5,,5,17,4,2,90,,,,21,,6,3,1,1,,,,,16,16,3,,,2,,7,1,1,2,,,,,,1,,1,11,,,,0,,17,5,3,,5,16,1,2,9,,20,33,,,,,,45,,,,,,0,,,,,1.365800,1.365800,0.905200,0.905200,4mo70a9j7p2ersbrieg5aw3dg,lineup_position,ka_fh_2026_08_09_ma2.json,ka_fh_2026_08_09_ma12.json,2026-09-06T22:48:31Z,b4ffy39rimcfhu66yflwba8t0,Í. Þórhallsson,b4ffy39rimcfhu66yflwba8t0,as_supplied_by_opta,,Ívar Arnbro Þórhallsson,57.58,30.0,42.86,2.0,-0.0948,,,,
6slosuahlke6xjbyujytmsrv8,2026-08-09,18,FH,KA,A,1-0,Jökull Andrésson,J. Andrésson,29q6xnzs6z0lnt8ntpiber696,1,Goalkeeper,11,1,2,3,1,8,2,,3,13,,,2,,,,,,,,,,,,,,,,,10,8,,,,13,,2,,2,,1,1,3,,2,2,,,,3,2,1,,8,1,,4,,,,,2,,,8,8,,7,4,2,1,90,,,,12,,2,,,,,,,,5,5,3,,,,,3,4,1,5,,,,1,,2,1,2,9,,,,0,,14,2,2,,3,4,2,1,4,,8,18,,,,,,35,,,,,,0,,,,,1.343100,1.343100,1.172800,1.172800,2ci0yr2esa7y4etjvl5vau077,lineup_position,ka_fh_2026_08_09_ma2.json,ka_fh_2026_08_09_ma12.json,2026-09-06T22:48:31Z,29q6xnzs6z0lnt8ntpiber696,J. Andrésson,29q6xnzs6z0lnt8ntpiber696,as_supplied_by_opta,,Jökull Andrésson,72.22,37.5,75.0,5.0,1.1728,,,,
6t5appp7jrj2ahujvic3oerdg,2026-08-09,18,Stjarnan,Keflavík,H,1-0,Darri Bergmann Gylfason,D. Gylfason,avflmttzm1tzjdh47aqxibi1g,1,Goalkeeper,23,1,2,4,2,6,,,1,25,,,1,,,,,,,,,,,,,,,,,4,5,,,,9,,1,,2,,1,,1,,1,2,1,,,1,1,1,,14,1,,4,,,,,,1,,6,6,,7,4,2,,90,,,,23,,1,,,,,,,,3,3,3,,1,1,,7,1,,1,,,,,,,,,20,,,,0,,24,3,2,,1,4,,2,1,,4,28,,,,,,38,,,,,,0,,,,,0.646700,0.646700,0.290900,0.290900,23vg6q15dzr375k6757j06wkq,lineup_position,stjarnan_keflavik_2026_08_09_ma2.json,stjarnan_keflavik_2026_08_09_ma12.json,2026-09-06T22:48:31Z,avflmttzm1tzjdh47aqxibi1g,D. Gylfason,avflmttzm1tzjdh47aqxibi1g,as_supplied_by_opta,,Darri Bergmann Gylfason,89.29,25.0,100.0,1.0,0.2909,,,,
6t5appp7jrj2ahujvic3oerdg,2026-08-09,18,Keflavík,Stjarnan,A,0-1,Ásgeir Orri Magnússon,Ásgeir Orri Magnússon,67iuqfijm1h3db1j85g111rf8,1,Goalkeeper,18,2,8,7,,3,1,,13,26,,,1,,,,,,,,,,,,,,,,,21,12,,,,12,,1,,5,,,2,2,,1,,,,,15,6,1,,34,1,,15,,1,1,,3,,,6,3,,4,23,8,1,90,,,,22,,,,3,2,,,,,18,18,3,,3,,,6,3,4,7,,,,,,5,1,5,16,,,,0,,21,5,,,15,23,3,,5,,31,44,,,,,,57,,,,,,0,,,,,2.905200,2.905200,2.196600,2.196600,96h322mg5vnaneem9fjzgvioq,lineup_position,stjarnan_keflavik_2026_08_09_ma2.json,stjarnan_keflavik_2026_08_09_ma12.json,2026-09-06T22:48:31Z,67iuqfijm1h3db1j85g111rf8,Ásgeir Orri Magnússon,67iuqfijm1h3db1j85g111rf8,as_supplied_by_opta,,Ásgeir Orri Magnússon,59.09,41.94,46.67,7.0,1.1966,,,,
6tvh4l4z7vq7wuo2difle5q8k,2026-08-09,18,Breidablik,Valur,H,1-3,Anton Ari Einarsson,A. Einarsson,9zzg49vnaufp7j6yj7pcg6sb9,1,Goalkeeper,23,3,4,2,1,1,2,,8,27,,,,,,,,,,,,,,,,,,,,10,11,,,,6,,1,,5,,,2,3,,,,,,,2,1,1,,25,1,,3,,3,3,,,,,1,1,,3,7,5,2,90,,,,28,,1,1,,,,,,,5,5,5,,1,,,4,1,2,3,,,,,,1,1,1,25,,,,0,,26,5,,,2,6,,1,4,,12,32,,,,,,37,,,,,,0,,,,,1.914100,1.914100,1.855200,1.855200,c6hu27u143y4z4te8b4036bae,lineup_position,breidablik_valur_2026_08_09_ma2.json,breidablik_valur_2026_08_09_ma12.json,2026-09-06T22:48:32Z,9zzg49vnaufp7j6yj7pcg6sb9,A. Einarsson,9zzg49vnaufp7j6yj7pcg6sb9,as_supplied_by_opta,,Anton Ari Einarsson,84.38,66.67,66.67,3.0,-1.1448,,,,
6tvh4l4z7vq7wuo2difle5q8k,2026-08-09,18,Valur,Breidablik,A,3-1,Frederik August Albrecht Schram,F. Schram,c4esrbgbv6v715768v2cb676d,18,Goalkeeper,13,2,6,6,,8,2,,7,19,,,,,,,,,,,,,,,,,,,,11,5,,,,15,,1,,4,,,,1,,,,,,,11,7,1,,26,1,,10,,1,1,,,,,12,8,,3,19,6,,90,,,,20,,1,5,1,,,,,,17,17,3,,1,,,7,2,2,4,1,,,,,3,3,3,12,,,,0,,17,5,,,11,19,,,9,,24,36,,,,,,48,,,,,,0,,,,,1.176000,1.176000,0.399000,0.399000,khmdmbol7850k3i07yusgpn,lineup_position,breidablik_valur_2026_08_09_ma2.json,breidablik_valur_2026_08_09_ma12.json,2026-09-06T22:48:32Z,c4esrbgbv6v715768v2cb676d,F. Schram,c4esrbgbv6v715768v2cb676d,as_supplied_by_opta,,Frederik August Albrecht Schram,52.78,29.17,60.0,4.0,-0.601,,,,
6ue3r1od5rd4bx2onlta00ff8,2026-08-10,18,Fram,KR,H,2-5,Viktor Freyr Sigurðsson,V. Sigurðsson,ep3hf2ww6epapo978sbn665be,22,Goalkeeper,11,3,4,6,,4,2,,7,15,,,,,,,,,,,,,,,,,,,,20,4,,,,7,,4,,3,,,,2,,,2,,,,9,8,1,,15,1,,8,,5,5,,,,,6,4,,9,11,4,1,90,,,,14,,2,2,,,,,,,10,10,1,,1,1,,1,6,2,8,,,,1,1,3,3,3,8,,,,0,,14,5,2,,9,11,,,6,,17,25,,,,,,39,,,,,,0,,,,,5.443500,5.443500,5.686300,5.686300,ta7x6ep3lniyckj6la77zw,lineup_position,fram_kr_2026_08_10_ma2.json,fram_kr_2026_08_10_ma12.json,2026-09-06T22:48:31Z,ep3hf2ww6epapo978sbn665be,V. Sigurðsson,ep3hf2ww6epapo978sbn665be,as_supplied_by_opta,,Viktor Freyr Sigurðsson,60.0,41.18,75.0,8.0,0.6863,,,,
6ue3r1od5rd4bx2onlta00ff8,2026-08-10,18,KR,Fram,A,5-2,Halldór Snær Georgsson,H. Georgsson,cdx5akkzjrm6j7erasu8k4hlg,12,Goalkeeper,30,2,2,10,3,4,2,,4,32,,,,,,,,,,,,,,,,,,,,19,6,,,,13,,1,,4,,,,2,,,3,,,,8,8,1,,22,1,,11,,2,2,,,,,8,4,,17,13,2,1,90,,,,30,,2,1,,,,,,,12,12,4,1,1,1,,5,1,1,3,,,,,,2,2,2,20,,,,0,,31,6,3,,8,13,1,3,7,,16,44,,,,,,55,,,,,,0,,,,,2.540300,2.540300,1.795900,1.795900,629yaod9sjr350jvivp78vwfz,lineup_position,fram_kr_2026_08_10_ma2.json,fram_kr_2026_08_10_ma12.json,2026-09-06T22:48:31Z,cdx5akkzjrm6j7erasu8k4hlg,H. Georgsson,cdx5akkzjrm6j7erasu8k4hlg,as_supplied_by_opta,,Halldór Snær Georgsson,72.73,25.0,90.91,3.0,-0.2041,,,,
6wi5wxrwda5p9lb7u9u939tsk,2026-08-15,19,Thór,Keflavík,H,0-2,Aron Birkir Stefánsson,A. Stefánsson,2vfiu4zekww816g1j3bverill,1,Goalkeeper,26,4,8,6,2,5,4,,12,34,,,2,,,,,,,,,,,,,,,,,8,6,,,,14,,,,5,,,,,,2,2,,,,12,8,1,,32,1,,9,,2,,2,1,,,11,6,,11,20,8,1,90,,,,37,,5,5,,,,,,,16,16,2,,2,1,,6,1,1,2,,,,,1,5,4,5,26,,,,0,,30,7,2,,11,19,1,2,12,,27,49,,,,,,60,,,,,,0,,,,,2.058600,2.058600,1.339000,1.339000,dys496cnlmowm95ehcfgcrvbm,lineup_position,thor_keflavik_2026_08_15_ma2.json,thor_keflavik_2026_08_15_ma12.json,2026-09-06T22:48:31Z,2vfiu4zekww816g1j3bverill,A. Stefánsson,2vfiu4zekww816g1j3bverill,as_supplied_by_opta,,Aron Birkir Stefánsson,69.39,44.44,66.67,2.0,-0.661,,,,
6wi5wxrwda5p9lb7u9u939tsk,2026-08-15,19,Keflavík,Thór,A,2-0,Ásgeir Orri Magnússon,Ásgeir Orri Magnússon,67iuqfijm1h3db1j85g111rf8,1,Goalkeeper,17,1,2,1,2,5,1,,3,19,,,,,,,,,,,,,,,,,,,,2,4,,,,9,,,,9,,1,1,2,,,2,1,,,12,7,1,,33,1,,10,,,,,2,1,,4,5,,9,21,2,1,90,,,,33,,2,3,1,1,,,,,27,27,3,,4,1,,3,1,1,2,,,,,,1,,1,17,,,,0,,24,3,2,,12,21,2,2,16,,29,45,,,,,,58,,,,,,0,,,,,0.307400,0.307400,0.074000,0.074000,96h322mg5vnaneem9fjzgvioq,lineup_position,thor_keflavik_2026_08_15_ma2.json,thor_keflavik_2026_08_15_ma12.json,2026-09-06T22:48:31Z,67iuqfijm1h3db1j85g111rf8,Ásgeir Orri Magnússon,67iuqfijm1h3db1j85g111rf8,as_supplied_by_opta,,Ásgeir Orri Magnússon,42.22,10.34,10.0,2.0,0.074,,,,
6uwp0tt9bcdieof3pp3krq1p0,2026-08-16,19,KR,Breidablik,H,3-3,Halldór Snær Georgsson,H. Georgsson,cdx5akkzjrm6j7erasu8k4hlg,12,Goalkeeper,27,2,5,7,4,7,5,,8,32,,,,,,,,,,,,,,,,,,,1,16,7,,,,13,,2,,7,,,,2,1,,3,,,,5,5,1,1,33,1,,9,,3,2,1,,,,9,7,,11,17,5,,90,,,,36,,1,,,,,1,1,1,14,14,4,,4,1,,2,4,1,5,,,,,,1,1,1,25,,,,0,,29,7,3,,5,17,,4,11,,22,46,,,,,,61,,,,,,0,,,,,3.577200,2.788800,3.016000,2.401000,629yaod9sjr350jvivp78vwfz,lineup_position,kr_breidablik_2026_08_16_ma2.json,kr_breidablik_2026_08_16_ma12.json,2026-09-06T22:48:32Z,cdx5akkzjrm6j7erasu8k4hlg,H. Georgsson,cdx5akkzjrm6j7erasu8k4hlg,as_supplied_by_opta,,Halldór Snær Georgsson,69.57,36.36,77.78,5.0,0.016,,,,
6uwp0tt9bcdieof3pp3krq1p0,2026-08-16,19,Breidablik,KR,A,3-3,Anton Ari Einarsson,A. Einarsson,9zzg49vnaufp7j6yj7pcg6sb9,1,Goalkeeper,22,5,5,2,,6,4,,9,27,,,,,,,,,,,,,,,,,,,,18,6,,,,11,,1,,11,,,1,1,,,,,,,4,4,1,,34,1,,2,,3,3,,,,,10,6,,3,18,5,1,90,,,,38,,1,1,1,1,,,,,18,18,1,,6,,,8,6,1,7,,,,,,,,,24,,,,0,,27,13,,,4,18,,,10,,27,45,,,,,,58,,,,,,0,,,,,2.624400,2.624400,2.534500,2.534500,c6hu27u143y4z4te8b4036bae,lineup_position,kr_breidablik_2026_08_16_ma2.json,kr_breidablik_2026_08_16_ma12.json,2026-09-06T22:48:32Z,9zzg49vnaufp7j6yj7pcg6sb9,A. Einarsson,9zzg49vnaufp7j6yj7pcg6sb9,as_supplied_by_opta,,Anton Ari Einarsson,60.0,33.33,100.0,7.0,-0.4655,,,,
6vfgmnz3tshqp7g3kame6zc44,2026-08-16,19,FH,Víkingur R,H,2-4,Jökull Andrésson,J. Andrésson,29q6xnzs6z0lnt8ntpiber696,1,Goalkeeper,19,1,,6,,3,2,,5,19,,,,,,,,,,,,,,,,,,,,12,9,,,,10,,1,,2,,,1,2,,1,2,,,,,,1,,13,1,,8,,4,4,,1,,,6,5,,6,3,,2,90,,,,14,,,,,,,,,,8,8,3,,2,,,6,2,2,4,,,,,,,,,11,,,,0,,23,3,2,,,2,1,,4,,9,25,,,,,,38,,,,,1,0,,,,,2.536400,2.536400,3.667100,3.667100,2ci0yr2esa7y4etjvl5vau077,lineup_position,fh_vikingur_r_2026_08_16_ma2.json,fh_vikingur_r_2026_08_16_ma12.json,2026-09-06T22:48:31Z,29q6xnzs6z0lnt8ntpiber696,J. Andrésson,29q6xnzs6z0lnt8ntpiber696,as_supplied_by_opta,,Jökull Andrésson,76.0,55.56,75.0,4.0,-0.3329,,,,
6vfgmnz3tshqp7g3kame6zc44,2026-08-16,19,Víkingur R,FH,A,4-2,Aron Snær Friðriksson,A. Friðriksson,7djiu062df2mock06lrukjw0l,29,Goalkeeper,15,1,2,,1,4,2,,3,17,,,,,,,,,,,,,,,,,,,,6,4,,,,7,,,,5,,,,,,,2,,,,2,2,1,,14,1,,,,2,2,,,,,6,4,,4,7,2,1,90,,,,24,,,1,,,,,,,7,7,1,,,,,6,1,,1,,,,,,,,,17,,,,0,,17,1,2,,2,7,,1,9,,10,24,,,,,,31,,,,,,0,,,,,1.241300,1.241300,1.662800,1.662800,7gmdb4hmtrz199zv9r66qy9qp,lineup_position,fh_vikingur_r_2026_08_16_ma2.json,fh_vikingur_r_2026_08_16_ma12.json,2026-09-06T22:48:31Z,7djiu062df2mock06lrukjw0l,A. Friðriksson,7djiu062df2mock06lrukjw0l,as_supplied_by_opta,,Aron Snær Friðriksson,70.83,30.0,,1.0,-0.3372,,,,
6vzuyvix8yx5h2qeen26rpdzo,2026-08-16,19,ÍBV,ÍA,H,1-3,Ari í Haraldsstovu Petersen,A. Petersen,92h0ymqm9kvcav8rvzftpvq0a,33,Goalkeeper,30,1,3,2,1,7,,,4,33,,,1,,,,,,,,,,,,,,,,,11,2,,,,9,,2,,4,,,1,2,,1,,,,,2,1,1,,13,1,,3,,3,2,1,1,,1,8,7,,9,4,3,1,90,,,,32,,2,1,,,,,,,3,3,,,1,,,14,3,,3,,,,,,1,1,1,30,,,,0,,32,1,,,2,4,1,1,2,,7,36,,,,,,47,,,,,,0,,,,,1.981600,1.981600,1.749700,1.749700,3tlx1zjkgrsdky3abrqe2c9c3,lineup_position,ibv_ia_2026_08_16_ma2.json,ibv_ia_2026_08_16_ma12.json,2026-09-06T22:48:32Z,92h0ymqm9kvcav8rvzftpvq0a,A. Petersen,92h0ymqm9kvcav8rvzftpvq0a,as_supplied_by_opta,,Ari í Haraldsstovu Petersen,91.67,57.14,66.67,3.0,-1.2503,,,,
6vzuyvix8yx5h2qeen26rpdzo,2026-08-16,19,ÍA,ÍBV,A,3-1,Árni Marinó Einarsson,Á. Einarsson,9dwayhvpts3huz0z8pid94i96,1,Goalkeeper,4,1,9,2,1,3,6,,10,13,,,,,,,,,,,,,,,,,,,,13,9,,,,10,,2,,4,1,,1,2,1,2,1,1,,,6,1,1,,32,1,,8,,1,1,,2,1,,7,4,,,26,9,1,90,,,,15,,1,4,,,,,,,20,20,1,,1,,,,4,2,6,,,,,2,4,1,4,7,,,,0,,6,4,1,,6,26,3,1,13,,29,32,,,,,,48,,,,,2,0,,,,,2.379800,2.379800,1.903800,1.903800,9ar4wcltrggiz60w77e3z56m2,lineup_position,ibv_ia_2026_08_16_ma2.json,ibv_ia_2026_08_16_ma12.json,2026-09-06T22:48:32Z,9dwayhvpts3huz0z8pid94i96,Á. Einarsson,9dwayhvpts3huz0z8pid94i96,as_supplied_by_opta,,Árni Marinó Einarsson,40.62,34.48,25.0,6.0,0.9038,,,,
6x0t70dkok8iz42fvkaueifpw,2026-08-17,19,Valur,KA,H,4-4,Frederik August Albrecht Schram,F. Schram,c4esrbgbv6v715768v2cb676d,1,Goalkeeper,26,1,,12,,8,1,,2,26,,,,,,,,,,,,,,,,,,,,11,9,,,,13,,,,2,,,,2,,,1,,,,,,1,,8,1,,12,,4,3,1,1,,,7,8,,9,3,,2,90,,,,17,,,1,,,,,,,5,5,5,,,,,13,2,2,4,,,,1,,,,,13,,,,0,,27,3,1,,,3,1,,3,,6,30,,,,,,46,,,,,,0,,,,,1.423400,1.423400,1.644700,1.644700,khmdmbol7850k3i07yusgpn,lineup_position,valur_ka_2026_08_17_ma2.json,valur_ka_2026_08_17_ma12.json,2026-09-06T22:48:31Z,c4esrbgbv6v715768v2cb676d,F. Schram,c4esrbgbv6v715768v2cb676d,as_supplied_by_opta,,Frederik August Albrecht Schram,86.67,33.33,100.0,4.0,-2.3553,,,,
6x0t70dkok8iz42fvkaueifpw,2026-08-17,19,KA,Valur,A,4-4,Ívar Arnbro Þórhallsson,Í. Þórhallsson,b4ffy39rimcfhu66yflwba8t0,1,Goalkeeper,20,5,2,2,,3,1,,6,22,,,,,,,,,,,,,,,,,,,,20,10,,,,6,,1,,,,,4,4,,,2,,,,7,4,1,,24,1,,8,,4,4,,1,,,3,3,,5,15,2,5,90,,,,24,,4,4,,,,,,,15,15,2,,,1,,8,4,2,6,,,,,1,2,2,2,19,,,,0,,22,6,2,,7,15,1,,8,,21,37,,,,,,49,,,,,,0,,,,,4.401500,4.401500,4.094500,4.094500,4mo70a9j7p2ersbrieg5aw3dg,lineup_position,valur_ka_2026_08_17_ma2.json,valur_ka_2026_08_17_ma12.json,2026-09-06T22:48:31Z,b4ffy39rimcfhu66yflwba8t0,Í. Þórhallsson,b4ffy39rimcfhu66yflwba8t0,as_supplied_by_opta,,Ívar Arnbro Þórhallsson,59.46,28.57,25.0,6.0,0.0945,,,,
6xjl7mw9b6w95t0k4u2onwqok,2026-08-17,19,Fram,Stjarnan,H,3-1,Viktor Freyr Sigurðsson,V. Sigurðsson,ep3hf2ww6epapo978sbn665be,22,Goalkeeper,15,2,5,2,,4,2,,6,20,,,,,,,,,,,,,,,,,,,,8,7,,,,7,,,,5,,,,,,,,,,,5,3,1,,13,1,,3,,1,1,,1,,,5,4,,9,11,6,1,90,,,,24,,1,3,,,,,,,9,9,1,,1,,,6,,,,,,,,,3,1,2,17,,,,0,,18,4,,,4,10,1,,8,,14,28,,,,,,34,,,1,1,,0,,,,,1.492700,1.492700,0.262200,0.262200,ta7x6ep3lniyckj6la77zw,lineup_position,fram_stjarnan_2026_08_17_ma2.json,fram_stjarnan_2026_08_17_ma12.json,2026-09-06T22:48:31Z,ep3hf2ww6epapo978sbn665be,V. Sigurðsson,ep3hf2ww6epapo978sbn665be,as_supplied_by_opta,,Viktor Freyr Sigurðsson,71.43,42.86,66.67,0.0,-0.7378,,,,
6xjl7mw9b6w95t0k4u2onwqok,2026-08-17,19,Stjarnan,Fram,A,1-3,Darri Bergmann Gylfason,D. Gylfason,avflmttzm1tzjdh47aqxibi1g,1,Goalkeeper,35,3,3,3,,4,1,,6,38,,,1,,,,,,,,,,,,,,,,,11,5,,,,10,,2,,5,,,1,1,,1,1,,,,1,1,1,,27,1,,4,,3,3,,,,,6,5,,9,11,3,,90,,,,42,,,3,,,,,,,11,11,4,,1,,,12,4,,4,,,,,,,,,34,,,,0,,37,5,1,,1,11,1,,8,,16,48,,,,,,59,,,,,,0,,,,,2.079000,2.079000,2.255100,2.255100,23vg6q15dzr375k6757j06wkq,lineup_position,fram_stjarnan_2026_08_17_ma2.json,fram_stjarnan_2026_08_17_ma12.json,2026-09-06T22:48:31Z,avflmttzm1tzjdh47aqxibi1g,D. Gylfason,avflmttzm1tzjdh47aqxibi1g,as_supplied_by_opta,,Darri Bergmann Gylfason,79.17,37.5,75.0,4.0,-0.7449,,,,
6y24v1zf1vxxh6j74b098bk0k,2026-08-23,20,Keflavík,ÍBV,H,1-0,Ásgeir Orri Magnússon,Ásgeir Orri Magnússon,67iuqfijm1h3db1j85g111rf8,1,Goalkeeper,18,2,8,6,3,4,3,,10,26,,,3,,,,,,,,,,,,,,,,,10,10,,,,14,,1,,8,,1,,,,3,5,,,,7,3,1,,29,1,,12,,,,,2,,,5,4,,5,20,8,,90,,,,26,,1,4,1,1,,,,,15,15,7,,1,2,,7,1,,1,,,,,,3,1,3,19,,,,0,,21,6,5,,7,20,3,3,7,,25,41,,,,,,54,,,,,,0,,,,,2.589800,2.589800,0.206100,0.206100,96h322mg5vnaneem9fjzgvioq,lineup_position,keflavik_ibv_2026_08_23_ma2.json,keflavik_ibv_2026_08_23_ma12.json,2026-09-06T22:48:32Z,67iuqfijm1h3db1j85g111rf8,Ásgeir Orri Magnússon,67iuqfijm1h3db1j85g111rf8,as_supplied_by_opta,,Ásgeir Orri Magnússon,63.41,40.0,50.0,1.0,0.2061,,,,
6y24v1zf1vxxh6j74b098bk0k,2026-08-23,20,ÍBV,Keflavík,A,0-1,Ari í Haraldsstovu Petersen,A. Petersen,92h0ymqm9kvcav8rvzftpvq0a,33,Goalkeeper,35,2,1,4,1,6,,,,36,,,,,,,,,,,,,,,,,,,,10,4,,,,10,,3,,8,,,1,2,,1,1,,,,1,1,1,,17,1,,4,,1,1,,,,,6,6,,15,4,1,2,90,,,,37,,2,,,,,,,,8,8,4,,1,1,,12,5,2,7,,,,,,,,,29,,,,0,,40,4,1,,1,4,,1,3,,6,44,,,,,,59,,,,,1,0,,,,,1.420000,1.420000,1.833200,1.833200,3tlx1zjkgrsdky3abrqe2c9c3,lineup_position,keflavik_ibv_2026_08_23_ma2.json,keflavik_ibv_2026_08_23_ma12.json,2026-09-06T22:48:32Z,92h0ymqm9kvcav8rvzftpvq0a,A. Petersen,92h0ymqm9kvcav8rvzftpvq0a,as_supplied_by_opta,,Ari í Haraldsstovu Petersen,81.82,0.0,100.0,7.0,0.8332,,,,
6ykkhi21pr1ydpklg9aqa2qs4,2026-08-23,20,ÍA,FH,H,1-1,Árni Marinó Einarsson,Á. Einarsson,9dwayhvpts3huz0z8pid94i96,1,Goalkeeper,12,3,5,,,2,5,,9,17,,,,,,,,,,,,,,,,,,,,7,5,,,,9,,1,,4,,,,1,,,,,,,8,7,1,,30,1,,3,,1,1,,,,,7,3,,2,23,5,1,90,,,,28,,2,,2,2,,,,,19,19,2,,1,,,3,3,2,5,,,,,1,2,1,2,16,,,,0,,13,3,,,8,22,,,17,,27,35,,,,,,43,,,,,,0,,,,,1.486600,1.486600,1.521400,1.521400,9ar4wcltrggiz60w77e3z56m2,lineup_position,ia_fh_2026_08_23_ma2.json,ia_fh_2026_08_23_ma12.json,2026-09-06T22:48:31Z,9dwayhvpts3huz0z8pid94i96,Á. Einarsson,9dwayhvpts3huz0z8pid94i96,as_supplied_by_opta,,Árni Marinó Einarsson,48.57,33.33,0.0,5.0,0.5214,,,,
6ykkhi21pr1ydpklg9aqa2qs4,2026-08-23,20,FH,ÍA,A,1-1,Jökull Andrésson,J. Andrésson,29q6xnzs6z0lnt8ntpiber696,1,Goalkeeper,12,,3,7,3,,3,,3,15,,,,,,,,,,,,,,,,,,,,19,5,,,,8,,,,1,,,,1,,1,4,,,,3,,1,,16,1,,8,,1,1,,,,,7,1,,6,9,3,,90,,,,16,,1,4,,,,,,,12,12,1,,,1,,4,2,,2,,,,,,1,,1,7,,,,0,,17,4,4,,3,9,,3,9,,14,26,,,,,,34,,,,,1,0,,,,,1.758600,1.758600,0.335200,0.335200,2ci0yr2esa7y4etjvl5vau077,lineup_position,ia_fh_2026_08_23_ma2.json,ia_fh_2026_08_23_ma12.json,2026-09-06T22:48:31Z,29q6xnzs6z0lnt8ntpiber696,J. Andrésson,29q6xnzs6z0lnt8ntpiber696,as_supplied_by_opta,,Jökull Andrésson,57.69,21.43,87.5,2.0,-0.6648,,,,
6z2yj8m0wwg0vjigxldn1r6dw,2026-08-23,20,KA,KR,H,3-5,Ívar Arnbro Þórhallsson,Í. Þórhallsson,b4ffy39rimcfhu66yflwba8t0,12,Goalkeeper,29,6,6,3,,8,5,,11,35,,,,,,,,,,,,,,,,,,,,20,8,,,,11,,1,,4,1,,1,4,1,,2,,,,1,,1,,25,1,,4,,5,3,2,,,,11,8,,8,13,6,1,90,,,,38,,1,1,,,,,,,10,10,,,2,1,,11,6,2,8,,,,1,,,,,30,,,,0,,31,6,2,,1,13,,,13,,20,44,,,,,,63,,,1,1,,0,,,,,3.626300,3.626300,2.755600,2.755600,4mo70a9j7p2ersbrieg5aw3dg,lineup_position,ka_kr_2026_08_23_ma2.json,ka_kr_2026_08_23_ma12.json,2026-09-06T22:48:32Z,b4ffy39rimcfhu66yflwba8t0,Í. Þórhallsson,b4ffy39rimcfhu66yflwba8t0,as_supplied_by_opta,,Ívar Arnbro Þórhallsson,79.55,55.0,75.0,8.0,-2.2444,,,,
6z2yj8m0wwg0vjigxldn1r6dw,2026-08-23,20,KR,KA,A,5-3,Halldór Snær Georgsson,H. Georgsson,cdx5akkzjrm6j7erasu8k4hlg,12,Goalkeeper,27,1,4,7,3,9,2,,4,31,,,,,,,,,,,,,,,,,,,,7,6,,,,12,,,,5,,,,,,,2,,,,2,2,1,,16,1,,7,,3,2,1,,,,9,9,,15,6,4,,90,,,,27,,1,,,,,,,,4,4,3,,3,,,4,2,,2,,,,,,2,2,2,23,,,,0,,29,1,2,,2,6,,3,6,,8,35,,,,,,48,,,,,,0,,,,,1.408200,1.408200,1.250500,1.250500,629yaod9sjr350jvivp78vwfz,lineup_position,ka_kr_2026_08_23_ma2.json,ka_kr_2026_08_23_ma12.json,2026-09-06T22:48:32Z,cdx5akkzjrm6j7erasu8k4hlg,H. Georgsson,cdx5akkzjrm6j7erasu8k4hlg,as_supplied_by_opta,,Halldór Snær Georgsson,88.57,50.0,100.0,2.0,-1.7495,,,,
6zldk8i1g77uc5e4o6bpc1fro,2026-08-23,20,Stjarnan,Thór,H,4-2,Árni Snær Ólafsson,Á. Ólafsson,7ibfw77zng0sh9dv2h0srauol,12,Goalkeeper,30,5,8,3,,2,2,,10,38,,,,1,,,,,,,,,,,,,,,,12,5,,,,10,1,1,,13,,,,,,,1,,,,12,11,1,,27,1,,5,,2,2,,,,,10,3,,11,16,8,,90,,1,,40,,2,3,1,1,,,,,13,13,,,4,,,12,1,,1,,1,,,,6,6,6,32,,,,0,1,34,6,1,,12,16,,,8,,20,50,,,,,,55,,,,,,0,,,,,1.851600,1.851600,1.542900,1.542900,23vg6q15dzr375k6757j06wkq,lineup_position,stjarnan_thor_2026_08_23_ma2.json,stjarnan_thor_2026_08_23_ma12.json,2026-09-06T22:48:32Z,7ibfw77zng0sh9dv2h0srauol,Á. Ólafsson,7ibfw77zng0sh9dv2h0srauol,as_supplied_by_opta,,Árni Snær Ólafsson,76.0,50.0,60.0,1.0,-0.4571,,,,
6zldk8i1g77uc5e4o6bpc1fro,2026-08-23,20,Thór,Stjarnan,A,2-4,Aron Birkir Stefánsson,A. Stefánsson,2vfiu4zekww816g1j3bverill,1,Goalkeeper,32,4,3,2,1,5,,,5,35,,,,,,,,,,,,,,,,,,,,13,6,,,,9,,1,,1,,,,2,,,2,1,,1,4,3,1,,30,1,,3,,4,4,,,1,,6,5,,8,12,3,,90,,,,41,,2,2,,,,,,,10,10,3,,1,,,7,,3,3,,,,,,1,1,1,32,,,,0,,33,8,2,,4,12,,1,4,,14,45,,,,,,56,,,,,,0,,,,,5.147400,5.147400,3.392800,3.392800,dys496cnlmowm95ehcfgcrvbm,lineup_position,stjarnan_thor_2026_08_23_ma2.json,stjarnan_thor_2026_08_23_ma12.json,2026-09-06T22:48:32Z,2vfiu4zekww816g1j3bverill,A. Stefánsson,2vfiu4zekww816g1j3bverill,as_supplied_by_opta,,Aron Birkir Stefánsson,77.78,35.71,66.67,3.0,-0.6072,,,,
703wzyf70axrk74l3ss73kkyc,2026-08-23,20,Víkingur R,Valur,H,2-0,Aron Snær Friðriksson,A. Friðriksson,7djiu062df2mock06lrukjw0l,29,Goalkeeper,23,1,1,,1,4,1,,2,24,,,,,,,,,,,,,,,,,,,,5,6,,,,4,,1,,3,,1,1,1,,1,1,,,,1,,1,,18,1,,2,,,,,1,,,3,4,,2,4,1,,90,,,,25,,,,,,,,,,4,4,,,,,,8,1,2,3,,,,,1,,,,23,,,,0,,24,1,1,,1,4,1,1,3,,5,28,,,,,,38,,,,,1,0,,,,,0.363000,0.363000,0.149700,0.149700,7gmdb4hmtrz199zv9r66qy9qp,lineup_position,vikingur_r_valur_2026_08_23_ma2.json,vikingur_r_valur_2026_08_23_ma12.json,2026-09-06T22:48:32Z,7djiu062df2mock06lrukjw0l,A. Friðriksson,7djiu062df2mock06lrukjw0l,as_supplied_by_opta,,Aron Snær Friðriksson,85.71,40.0,0.0,3.0,0.1497,,,,
703wzyf70axrk74l3ss73kkyc,2026-08-23,20,Valur,Víkingur R,A,0-2,Frederik August Albrecht Schram,F. Schram,c4esrbgbv6v715768v2cb676d,1,Goalkeeper,19,5,5,3,,6,,,8,24,,,,,,,,,,,,,,,,,,,,20,3,,,,8,,2,,3,,,,,,,,,,,4,2,1,,28,1,,8,,2,2,,,,,7,6,,6,14,5,1,90,,,,27,,,5,,,,,,,12,12,1,,,,,2,3,1,4,,,,,4,1,,1,21,,,,0,,22,11,,,4,14,,,1,,19,36,,,,,,46,,,,,,0,,,,,2.702800,2.702800,1.199500,1.199500,khmdmbol7850k3i07yusgpn,lineup_position,vikingur_r_valur_2026_08_23_ma2.json,vikingur_r_valur_2026_08_23_ma12.json,2026-09-06T22:48:32Z,c4esrbgbv6v715768v2cb676d,F. Schram,c4esrbgbv6v715768v2cb676d,as_supplied_by_opta,,Frederik August Albrecht Schram,66.67,42.11,37.5,4.0,-0.8005,,,,
70od2xzb8gkyjwq4ry0ty8v84,2026-08-24,20,Breidablik,Fram,H,3-4,Anton Ari Einarsson,A. Einarsson,9zzg49vnaufp7j6yj7pcg6sb9,1,Goalkeeper,16,6,6,,,6,1,,8,22,,,,,,,,,,,,,,,,,,,,15,5,,,,12,,1,,13,,,,1,,,,,,,12,11,1,,31,1,1,,,4,3,1,,,,8,6,,2,19,6,,90,,,,34,,2,1,,,,,,,14,14,4,,11,,,3,3,,3,,,,,,3,3,3,22,,,,0,,17,13,,,12,19,,,6,,21,36,,,,,,46,,,,,,0,,,,,2.690500,2.690500,3.284800,3.284800,c6hu27u143y4z4te8b4036bae,lineup_position,breidablik_fram_2026_08_24_ma2.json,breidablik_fram_2026_08_24_ma12.json,2026-09-06T22:48:32Z,9zzg49vnaufp7j6yj7pcg6sb9,A. Einarsson,9zzg49vnaufp7j6yj7pcg6sb9,as_supplied_by_opta,,Anton Ari Einarsson,61.11,38.1,,3.0,-0.7152,,,,
70od2xzb8gkyjwq4ry0ty8v84,2026-08-24,20,Fram,Breidablik,A,4-3,Viktor Freyr Sigurðsson,V. Sigurðsson,ep3hf2ww6epapo978sbn665be,22,Goalkeeper,6,,4,,1,1,4,,4,10,,,,,,,,,,,,,,,,,,,,10,5,,,,6,,,,5,,,1,1,,,,,,,6,6,1,,20,1,,1,,3,3,,1,,,4,1,,4,18,4,2,90,,,,21,,3,6,,,,,,,15,15,1,,4,,,1,2,1,3,,,,1,,2,2,2,9,,,,0,,7,2,,,6,18,1,1,14,,19,25,,,,,,30,,,,,,0,,,,,1.376300,1.376300,2.516200,2.516200,ta7x6ep3lniyckj6la77zw,lineup_position,breidablik_fram_2026_08_24_ma2.json,breidablik_fram_2026_08_24_ma12.json,2026-09-06T22:48:32Z,ep3hf2ww6epapo978sbn665be,V. Sigurðsson,ep3hf2ww6epapo978sbn665be,as_supplied_by_opta,,Viktor Freyr Sigurðsson,40.0,21.05,0.0,3.0,-0.4838,,,,
72zw3jynj88h1b4hoh2xicjys,2026-08-29,21,ÍBV,Thór,H,0-1,Ari í Haraldsstovu Petersen,A. Petersen,92h0ymqm9kvcav8rvzftpvq0a,33,Goalkeeper,42,2,2,2,,1,2,,4,44,,,1,,,,,,,,,,,,,,,,,4,2,,,,5,,,,16,,,,,,1,2,,,,4,4,1,,16,1,,2,,1,1,,,,,2,1,,25,5,2,,90,,,,46,,1,,,,,,,,6,6,3,,9,2,,9,1,,1,,,,,,2,2,2,41,,,,0,,45,5,2,,4,5,,,4,,10,50,,,,,,54,,,,,,0,,,,,0.678200,0.678200,0.790400,0.790400,3tlx1zjkgrsdky3abrqe2c9c3,lineup_position,ibv_thor_2026_08_29_ma2.json,ibv_thor_2026_08_29_ma12.json,2026-09-06T22:48:32Z,92h0ymqm9kvcav8rvzftpvq0a,A. Petersen,92h0ymqm9kvcav8rvzftpvq0a,as_supplied_by_opta,,Ari í Haraldsstovu Petersen,88.0,40.0,100.0,1.0,-0.2096,,,,
72zw3jynj88h1b4hoh2xicjys,2026-08-29,21,Thór,ÍBV,A,1-0,Aron Birkir Stefánsson,A. Stefánsson,2vfiu4zekww816g1j3bverill,1,Goalkeeper,6,4,5,2,3,4,1,,9,11,,,,,,,,,,,,,,,,,,,,13,3,,,,10,,2,1,1,,1,1,2,,,3,,,,14,9,1,,31,1,,9,,,,,2,,,7,4,,1,24,5,2,90,,,,18,,2,7,1,,,,1,,22,22,1,,,1,1,1,4,,4,,,,,,3,2,3,9,,,1,0,,9,7,3,,14,24,2,3,10,,29,33,,,,,,47,,,,,,0,,,,,1.973600,1.185200,1.241700,1.241700,dys496cnlmowm95ehcfgcrvbm,lineup_position,ibv_thor_2026_08_29_ma2.json,ibv_thor_2026_08_29_ma12.json,2026-09-06T22:48:32Z,2vfiu4zekww816g1j3bverill,A. Stefánsson,2vfiu4zekww816g1j3bverill,as_supplied_by_opta,,Aron Birkir Stefánsson,33.33,31.03,22.22,4.0,1.2417,,,,
71auog2zlabpkc98a0v01fqqc,2026-08-30,21,Fram,KA,H,2-2,Viktor Freyr Sigurðsson,V. Sigurðsson,ep3hf2ww6epapo978sbn665be,22,Goalkeeper,15,,3,5,,2,1,,1,18,,,2,,,,,,,,,,,,,,,,,4,5,,,,7,,,,3,,,,,,2,,,,,4,4,1,,12,1,,5,,2,2,,1,,,3,2,,5,8,3,,90,,,,18,,1,3,1,1,,,,,7,7,3,,1,,,8,,2,2,,,,,,1,1,1,12,,,,0,,17,,,,4,8,1,,7,,8,25,,,,,,31,,,,,1,0,,,,,0.783600,0.783600,1.002700,1.002700,ta7x6ep3lniyckj6la77zw,lineup_position,fram_ka_2026_08_30_ma2.json,fram_ka_2026_08_30_ma12.json,2026-09-06T22:48:32Z,ep3hf2ww6epapo978sbn665be,V. Sigurðsson,ep3hf2ww6epapo978sbn665be,as_supplied_by_opta,,Viktor Freyr Sigurðsson,72.0,12.5,100.0,2.0,-0.9973,,,,
71auog2zlabpkc98a0v01fqqc,2026-08-30,21,KA,Fram,A,2-2,Ívar Arnbro Þórhallsson,Í. Þórhallsson,b4ffy39rimcfhu66yflwba8t0,1,Goalkeeper,18,2,2,1,,6,3,,5,20,,1,1,,,,,,,,,,,,,,,,,13,5,,,,14,,,,4,,,,,1,2,1,,,,6,5,1,,25,1,,5,,2,1,1,1,,,11,6,,8,15,2,,90,,,,28,,1,6,1,1,,,,,17,17,2,,2,1,,4,1,,1,,,,,,,,,18,,,,0,,22,4,1,1,6,15,1,,12,,22,37,,,,,,47,,,,,,0,1,,,,1.311700,1.311700,0.853400,0.853400,4mo70a9j7p2ersbrieg5aw3dg,lineup_position,fram_ka_2026_08_30_ma2.json,fram_ka_2026_08_30_ma12.json,2026-09-06T22:48:32Z,b4ffy39rimcfhu66yflwba8t0,Í. Þórhallsson,b4ffy39rimcfhu66yflwba8t0,as_supplied_by_opta,,Ívar Arnbro Þórhallsson,54.05,22.73,20.0,1.0,-1.1466,,,,
72hktmc1fn55woffl21nrhjx0,2026-08-30,21,FH,Keflavík,H,2-1,Jökull Andrésson,J. Andrésson,29q6xnzs6z0lnt8ntpiber696,1,Goalkeeper,9,2,,3,,8,,,2,9,,,,,,,,,,,,,,,,,,,,3,7,,,,12,,,,1,,,,,,,1,,,,3,2,1,,11,1,,6,,1,,1,,,,10,8,,3,5,,,90,,,,8,,1,1,,,,,,,8,8,2,,,,,3,,,,,,,,,,,,6,,,,0,,12,4,1,,3,5,,,2,,10,17,,,,,,26,,,,,,0,,,,,0.364400,0.364400,0.410800,0.410800,2ci0yr2esa7y4etjvl5vau077,lineup_position,fh_keflavik_2026_08_30_ma2.json,fh_keflavik_2026_08_30_ma12.json,2026-09-06T22:48:32Z,29q6xnzs6z0lnt8ntpiber696,J. Andrésson,29q6xnzs6z0lnt8ntpiber696,as_supplied_by_opta,,Jökull Andrésson,52.94,20.0,50.0,0.0,-0.5892,,,,
72hktmc1fn55woffl21nrhjx0,2026-08-30,21,Keflavík,FH,A,1-2,Ásgeir Orri Magnússon,Ásgeir Orri Magnússon,67iuqfijm1h3db1j85g111rf8,1,Goalkeeper,22,4,14,6,3,5,7,,16,36,,,1,,,,,,,,,,,,,,,,,14,6,,,,12,,2,,19,,,,2,,2,5,,,,12,10,1,,44,1,,7,,2,2,,1,,,8,6,,10,31,14,2,90,,,,45,,3,4,3,3,,,,,24,24,3,,6,1,,4,4,,4,,,,,1,3,1,3,24,,,,0,,26,8,5,1,12,32,2,3,24,,38,58,,,,,,79,,,,,,0,1,1,,,1.986000,1.986000,1.778900,1.778900,96h322mg5vnaneem9fjzgvioq,lineup_position,fh_keflavik_2026_08_30_ma2.json,fh_keflavik_2026_08_30_ma12.json,2026-09-06T22:48:32Z,67iuqfijm1h3db1j85g111rf8,Ásgeir Orri Magnússon,67iuqfijm1h3db1j85g111rf8,as_supplied_by_opta,,Ásgeir Orri Magnússon,62.07,42.11,85.71,4.0,-0.2211,,,,
73ig7uq5beouvv9qaf7xi5slw,2026-08-30,21,Valur,ÍA,H,2-2,Frederik August Albrecht Schram,F. Schram,c4esrbgbv6v715768v2cb676d,1,Goalkeeper,28,,2,5,1,6,2,,4,30,,,1,,,,,,,,,,,,,,,,,14,5,,,,9,,,,3,,,2,2,,1,1,,,,2,,1,,19,1,,7,,2,2,,,,,6,6,,8,7,2,4,90,,,,28,,1,1,,,,,,,6,6,3,,,1,,9,2,1,3,,,,,1,,,,25,,,,0,,29,,1,,2,7,,1,6,,10,36,,,,,,46,,,,,,0,,,,,1.831100,1.831100,1.222700,1.222700,khmdmbol7850k3i07yusgpn,lineup_position,valur_ia_2026_08_30_ma2.json,valur_ia_2026_08_30_ma12.json,2026-09-06T22:48:32Z,c4esrbgbv6v715768v2cb676d,F. Schram,c4esrbgbv6v715768v2cb676d,as_supplied_by_opta,,Frederik August Albrecht Schram,83.33,40.0,71.43,3.0,-0.7773,,,,
73ig7uq5beouvv9qaf7xi5slw,2026-08-30,21,ÍA,Valur,A,2-2,Árni Marinó Einarsson,Á. Einarsson,9dwayhvpts3huz0z8pid94i96,1,Goalkeeper,9,,5,3,2,1,2,,6,14,,,2,,1,,1,,,,1,1,1,,,,,,,14,11,1,,,6,,1,,,,,1,1,1,3,4,1,,,9,3,1,,32,1,,10,,2,,2,,1,,4,1,,3,25,5,2,90,,,,17,,1,,,,,,,,23,23,2,,,2,,1,3,3,6,,,1,,,2,1,2,8,,,,1,,11,2,4,,9,25,1,2,13,,28,36,1,,,,,52,1,1,,,2,0,,1,,,2.228700,2.228700,1.126400,1.126400,9ar4wcltrggiz60w77e3z56m2,lineup_position,valur_ia_2026_08_30_ma2.json,valur_ia_2026_08_30_ma12.json,2026-09-06T22:48:32Z,9dwayhvpts3huz0z8pid94i96,Á. Einarsson,9dwayhvpts3huz0z8pid94i96,as_supplied_by_opta,,Árni Marinó Einarsson,38.89,21.43,30.0,6.0,-0.8736,,,1,1
740qs36nn92qlng5koa88ffv8,2026-08-31,21,Breidablik,Stjarnan,H,0-2,Anton Ari Einarsson,A. Einarsson,9zzg49vnaufp7j6yj7pcg6sb9,1,Goalkeeper,30,6,4,1,,6,2,,8,34,,,,,,,,,,,,,,,,,,,,13,6,,,,11,,,,9,,,,1,,,1,,,,1,1,1,,20,1,,1,,2,2,,,,,7,6,,7,6,4,,90,,,,36,,1,,,,,,,,4,4,4,,5,1,,11,3,3,6,,,,,,,,,33,,,,0,,32,6,1,,1,6,,,5,,12,38,,,,,,51,,,,,,0,,,,,1.924400,1.924400,1.381800,1.381800,c6hu27u143y4z4te8b4036bae,lineup_position,breidablik_stjarnan_2026_08_31_ma2.json,breidablik_stjarnan_2026_08_31_ma12.json,2026-09-06T22:48:32Z,9zzg49vnaufp7j6yj7pcg6sb9,A. Einarsson,9zzg49vnaufp7j6yj7pcg6sb9,as_supplied_by_opta,,Anton Ari Einarsson,89.47,66.67,100.0,6.0,-0.6182,,,,
740qs36nn92qlng5koa88ffv8,2026-08-31,21,Stjarnan,Breidablik,A,2-0,Árni Snær Ólafsson,Á. Ólafsson,7ibfw77zng0sh9dv2h0srauol,12,Goalkeeper,16,4,11,1,2,4,5,,13,27,,,,,,,,,,,,,,,,,,,,15,3,,,,16,,3,,9,,1,,1,,1,,,,,17,12,1,,38,1,,7,,,,,2,,,11,4,,3,28,11,,90,,,,30,,3,3,2,2,,,,,19,19,3,,3,,,5,4,1,5,,,,1,,6,5,6,21,1,1,,0,,18,6,,,17,28,2,2,13,,32,46,,,,,,59,,,,,1,0,,,,,2.154500,2.154500,0.828300,0.828300,23vg6q15dzr375k6757j06wkq,lineup_position,breidablik_stjarnan_2026_08_31_ma2.json,breidablik_stjarnan_2026_08_31_ma12.json,2026-09-06T22:48:32Z,7ibfw77zng0sh9dv2h0srauol,Á. Ólafsson,7ibfw77zng0sh9dv2h0srauol,as_supplied_by_opta,,Árni Snær Ólafsson,58.7,40.62,14.29,5.0,0.8283,,,,
71ys8ot8byj14wl80lh8n5fro,2026-09-01,21,KR,Víkingur R,H,1-1,Halldór Snær Georgsson,H. Georgsson,cdx5akkzjrm6j7erasu8k4hlg,12,Goalkeeper,32,3,6,8,3,5,2,,7,38,,,,,,,,,,,,,,,,,,,,12,6,,,,8,,,,11,,,,,,,5,,,,11,11,1,,31,1,,8,,1,,1,,,,5,5,,18,15,6,2,90,,,,43,,1,2,,,,,,,14,14,3,,4,1,,3,1,2,3,,,,,3,4,4,4,29,,,,0,,37,10,5,,11,15,,3,8,,20,52,,,,,,65,,,,,,0,,,,,1.731900,1.731900,0.249200,0.249200,629yaod9sjr350jvivp78vwfz,lineup_position,kr_vikingur_r_2026_09_01_ma2.json,kr_vikingur_r_2026_09_01_ma12.json,2026-09-06T22:48:32Z,cdx5akkzjrm6j7erasu8k4hlg,H. Georgsson,cdx5akkzjrm6j7erasu8k4hlg,as_supplied_by_opta,,Halldór Snær Georgsson,73.08,35.0,100.0,3.0,-0.7508,,,,
71ys8ot8byj14wl80lh8n5fro,2026-09-01,21,Víkingur R,KR,A,1-1,Aron Snær Friðriksson,A. Friðriksson,7djiu062df2mock06lrukjw0l,29,Goalkeeper,15,1,10,2,1,2,10,,13,25,,,,,,,,,,,,,,,,,,,,15,5,,,,10,,,,3,,,,,,,1,,,,16,14,1,,37,1,1,3,,1,1,,,,,9,2,,3,26,10,,90,,,,34,,1,3,,,,,,,18,18,1,,3,,,3,3,,3,,,,,2,4,4,4,22,,,,0,,17,1,1,,16,26,,1,24,,31,43,,,,,,50,,,,,,0,,,,,1.417100,1.417100,1.297800,1.297800,7gmdb4hmtrz199zv9r66qy9qp,lineup_position,kr_vikingur_r_2026_09_01_ma2.json,kr_vikingur_r_2026_09_01_ma12.json,2026-09-06T22:48:32Z,7djiu062df2mock06lrukjw0l,A. Friðriksson,7djiu062df2mock06lrukjw0l,as_supplied_by_opta,,Aron Snær Friðriksson,58.14,41.94,66.67,3.0,0.2978,,,,
751n2ejmjys980nlnngtsgmj8,2026-09-05,22,Keflavík,Valur,H,1-2,Ásgeir Orri Magnússon,Ásgeir Orri Magnússon,67iuqfijm1h3db1j85g111rf8,1,Goalkeeper,20,2,1,3,2,9,3,,5,21,,,,,,,,,,,,,,,,,,,,8,5,,,,14,,,,3,,,,,,,2,,,,2,1,1,,19,1,,6,,2,2,,,,,12,9,,7,10,1,1,90,,,,22,,,,1,,,,,,10,10,2,,1,,,5,4,4,8,,,,,8,,,,18,,,,0,,21,2,2,,2,10,1,2,7,,14,31,,,,,,51,,,,,,0,,,,,1.784300,1.784300,1.922000,1.922000,96h322mg5vnaneem9fjzgvioq,lineup_position,keflavik_valur_2026_09_05_ma2.json,keflavik_valur_2026_09_05_ma12.json,2026-09-06T22:48:32Z,67iuqfijm1h3db1j85g111rf8,Ásgeir Orri Magnússon,67iuqfijm1h3db1j85g111rf8,as_supplied_by_opta,,Ásgeir Orri Magnússon,67.74,35.71,50.0,8.0,-0.078,,,,
751n2ejmjys980nlnngtsgmj8,2026-09-05,22,Valur,Keflavík,A,2-1,Frederik August Albrecht Schram,F. Schram,c4esrbgbv6v715768v2cb676d,1,Goalkeeper,10,2,3,5,1,7,1,,4,13,,,,,,,,,,,,,,,,,,,,10,11,,,,11,,1,,1,,,1,2,,,,,,,4,1,1,,24,1,,14,,1,1,,,,,9,7,,5,16,3,1,90,,,,14,,1,2,,,,,,,17,17,2,,,,,1,3,4,7,,,,,,3,1,3,7,,,,0,,14,2,,,4,16,,1,8,,21,30,,,,,,44,,,,,,0,,,,,2.268800,2.268800,2.118300,2.118300,khmdmbol7850k3i07yusgpn,lineup_position,keflavik_valur_2026_09_05_ma2.json,keflavik_valur_2026_09_05_ma12.json,2026-09-06T22:48:32Z,c4esrbgbv6v715768v2cb676d,F. Schram,c4esrbgbv6v715768v2cb676d,as_supplied_by_opta,,Frederik August Albrecht Schram,43.33,19.05,35.71,7.0,1.1183,,,,
74j5w73cp6fooyyiepdd5cz6c,2026-09-06,22,Thór,FH,H,1-0,Aron Birkir Stefánsson,A. Stefánsson,2vfiu4zekww816g1j3bverill,1,Goalkeeper,16,3,2,3,,4,2,,8,18,,,1,,,,,,,,,,,,,,,,,7,5,,,,9,,1,,7,,1,1,1,,1,1,,,,14,8,1,,19,1,,7,,,,,,,,6,4,,7,15,2,2,90,,,,21,,2,3,2,1,,,,,13,13,3,,1,1,,5,3,1,4,,,,,3,2,2,2,14,,,,0,,16,6,1,,14,15,,,8,,21,31,,,,,,41,,,,,1,0,,1,,,0.967500,0.967500,1.730800,1.730800,dys496cnlmowm95ehcfgcrvbm,lineup_position,thor_fh_2026_09_06_ma2.json,thor_fh_2026_09_06_ma12.json,2026-09-06T22:48:32Z,2vfiu4zekww816g1j3bverill,A. Stefánsson,2vfiu4zekww816g1j3bverill,as_supplied_by_opta,,Aron Birkir Stefánsson,58.06,38.1,42.86,4.0,1.7308,,,,
74j5w73cp6fooyyiepdd5cz6c,2026-09-06,22,FH,Thór,A,0-1,Jökull Andrésson,J. Andrésson,29q6xnzs6z0lnt8ntpiber696,1,Goalkeeper,30,,1,16,2,11,1,,4,31,,,1,,,,,,,,,,,,,,,,,10,11,,,,14,,,,1,,,1,2,,1,1,,,,1,1,1,,11,1,,17,,1,1,,4,,,9,11,,8,3,1,1,90,,,,15,,,,,,,,,,3,3,1,,,,,15,1,3,4,,,,,,,,,13,,,,0,,31,1,1,,1,3,4,2,2,,6,34,,,,,,54,,,,,,0,,,,,1.031000,1.031000,0.612800,0.612800,2ci0yr2esa7y4etjvl5vau077,lineup_position,thor_fh_2026_09_06_ma2.json,thor_fh_2026_09_06_ma12.json,2026-09-06T22:48:32Z,29q6xnzs6z0lnt8ntpiber696,J. Andrésson,29q6xnzs6z0lnt8ntpiber696,as_supplied_by_opta,,Jökull Andrésson,91.18,66.67,94.12,4.0,-0.3872,,,,
75m0k3o4iwuogmqq2p4okaa6s,2026-09-06,22,ÍA,KR,H,3-1,Árni Marinó Einarsson,Á. Einarsson,9dwayhvpts3huz0z8pid94i96,1,Goalkeeper,7,3,8,1,1,2,2,,8,15,,,,,,,,,,,,,,,,,,,,7,10,,,,13,,,,4,,,,1,,,2,,,,7,5,1,,27,1,,2,,1,1,,,,,10,3,,,20,8,1,90,,,,18,,2,4,,,,,,,14,14,3,,2,,,1,,3,3,,,,,,2,1,2,10,,,,0,,8,3,2,,7,20,,1,11,,21,28,,,,,,36,,,,,,0,,,,,1.058800,1.058800,1.073700,1.073700,9ar4wcltrggiz60w77e3z56m2,lineup_position,ia_kr_2026_09_06_ma2.json,ia_kr_2026_09_06_ma12.json,2026-09-06T22:48:32Z,9dwayhvpts3huz0z8pid94i96,Á. Einarsson,9dwayhvpts3huz0z8pid94i96,as_supplied_by_opta,,Árni Marinó Einarsson,53.57,38.1,50.0,3.0,0.0737,,,,
75m0k3o4iwuogmqq2p4okaa6s,2026-09-06,22,KR,ÍA,A,1-3,Halldór Snær Georgsson,H. Georgsson,cdx5akkzjrm6j7erasu8k4hlg,12,Goalkeeper,12,,1,3,,3,2,,2,13,,,,1,,,,,,,,,,,,,,,,7,5,,,,7,1,,,2,,,2,2,,,,,,,4,4,1,,14,1,,4,,1,1,,,,,4,3,,7,6,1,2,45,1,,,16,,,,1,1,,,,,8,8,3,,2,,1,,2,,2,,1,,,,1,1,1,9,,,,0,1,15,2,,,4,6,,,7,,10,21,,1,,,,26,,,,,,0,,1,,,1.184800,1.184800,1.174400,1.174400,629yaod9sjr350jvivp78vwfz,lineup_position,ia_kr_2026_09_06_ma2.json,ia_kr_2026_09_06_ma12.json,2026-09-06T22:48:32Z,cdx5akkzjrm6j7erasu8k4hlg,H. Georgsson,cdx5akkzjrm6j7erasu8k4hlg,as_supplied_by_opta,,Halldór Snær Georgsson,61.9,20.0,75.0,4.0,0.1744,,,,
75m0k3o4iwuogmqq2p4okaa6s,2026-09-06,22,KR,ÍA,A,1-3,Arnar Freyr,Arnar Freyr,bl44861bagjwhll9ku9ui5kru,1,Substitute,20,2,3,6,2,4,1,,2,23,,,,,,,,,,,,,,,,,,,,9,3,,,,7,,2,,6,,,,,,,1,1,,,5,5,0,,24,,,6,,2,2,,,1,,6,4,,8,9,4,,45,,,,26,,4,,,,,,,,10,10,1,,1,,,1,3,,3,,,,,3,1,1,1,16,,,,0,,25,6,1,,5,8,,2,2,,9,33,,,1,,,42,,,,,,0,,,,,2.662000,2.662000,1.754600,1.754600,629yaod9sjr350jvivp78vwfz,player_id_keeper_actions_and_stats,ia_kr_2026_09_06_ma2.json,ia_kr_2026_09_06_ma12.json,2026-09-06T22:48:32Z,bl44861bagjwhll9ku9ui5kru,S. Ingólfsson,,unverified_after_user_identity_correction,user_confirmation_2026_09_07,Sigurpáll Sören Ingólfsson,69.7,22.22,100.0,6.0,-0.2454,,,,
764gnle5z699dvjakig4uywb8,2026-09-06,22,Víkingur R,Fram,H,2-2,Aron Snær Friðriksson,A. Friðriksson,7djiu062df2mock06lrukjw0l,29,Goalkeeper,17,1,2,2,1,1,2,,4,19,,,,,,,,,,,,,,,,,,,,10,4,,,,3,,,,3,,,,,,,,,,,2,2,1,,18,1,,3,,2,1,1,,,,2,1,,6,10,2,,90,,,,24,,1,3,,,,,,,10,10,1,,,,,5,1,,1,,,,,,1,1,1,16,,,,0,,19,1,,,2,10,,1,10,,14,29,,,,,,31,,,,,,0,,,,,1.365400,1.365400,1.203000,1.203000,7gmdb4hmtrz199zv9r66qy9qp,lineup_position,vikingur_r_fram_2026_09_06_ma2.json,vikingur_r_fram_2026_09_06_ma12.json,2026-09-06T22:48:32Z,7djiu062df2mock06lrukjw0l,A. Friðriksson,7djiu062df2mock06lrukjw0l,as_supplied_by_opta,,Aron Snær Friðriksson,65.52,28.57,66.67,1.0,-0.797,,,,
764gnle5z699dvjakig4uywb8,2026-09-06,22,Fram,Víkingur R,A,2-2,Viktor Freyr Sigurðsson,V. Sigurðsson,ep3hf2ww6epapo978sbn665be,22,Goalkeeper,13,3,9,4,,2,4,,11,22,,,1,,,,,,,,,,,,,,,,,9,3,,,,8,,,,4,,,,,,1,2,,,,16,10,1,,26,1,1,7,,2,1,1,1,,,6,2,,4,22,9,,90,,,,25,,1,7,,,,,,,13,13,1,,2,1,,5,2,,2,,,,,2,5,3,5,17,,,,0,,13,4,2,,16,22,1,,12,,24,35,,,,,,43,,,,,,0,,,,,1.228800,1.228800,1.929600,1.929600,ta7x6ep3lniyckj6la77zw,lineup_position,vikingur_r_fram_2026_09_06_ma2.json,vikingur_r_fram_2026_09_06_ma12.json,2026-09-06T22:48:32Z,ep3hf2ww6epapo978sbn665be,V. Sigurðsson,ep3hf2ww6epapo978sbn665be,as_supplied_by_opta,,Viktor Freyr Sigurðsson,62.86,45.83,57.14,2.0,-0.0704,,,,
76n21gyu2xyfza6xmoo4mdvdg,2026-09-06,22,KA,Breidablik,H,2-1,Ívar Arnbro Þórhallsson,Í. Þórhallsson,b4ffy39rimcfhu66yflwba8t0,1,Goalkeeper,30,4,12,5,,7,5,,15,42,,,,,,,,,,,,,,,,,,,,15,2,,,1,12,,,,11,,,,,,1,1,,,,5,4,1,,23,1,,7,,1,1,,,,,10,7,,13,19,12,2,90,,,,41,,10,,,,,,,,10,10,2,,6,1,,15,4,,4,,,,,4,3,2,3,35,,,,0,,33,5,1,,5,19,,,10,,24,52,,,,,,66,,,,,1,0,,,,,1.335200,1.335200,1.191300,1.191300,4mo70a9j7p2ersbrieg5aw3dg,lineup_position,ka_breidablik_2026_09_06_ma2.json,ka_breidablik_2026_09_06_ma12.json,2026-09-06T22:48:32Z,b4ffy39rimcfhu66yflwba8t0,Í. Þórhallsson,b4ffy39rimcfhu66yflwba8t0,as_supplied_by_opta,,Ívar Arnbro Þórhallsson,80.77,62.5,71.43,4.0,0.1913,,,,
76n21gyu2xyfza6xmoo4mdvdg,2026-09-06,22,Breidablik,KA,A,1-2,Anton Ari Einarsson,A. Einarsson,9zzg49vnaufp7j6yj7pcg6sb9,1,Goalkeeper,20,2,3,,2,5,2,,5,23,,,,,,,,,,,,,,,,,,,,12,2,,,,7,,,,10,,,,,,,2,,,,,,1,,19,1,,,,2,2,,1,,,4,5,,6,7,3,,90,,,,30,,1,,,,,,,,8,8,2,,1,1,,6,2,,2,,,,,1,,,,23,,,,0,,24,3,2,,,7,1,2,9,,13,31,,,,,,41,,,,,,0,,,,,1.601500,1.601500,1.816200,1.816200,c6hu27u143y4z4te8b4036bae,lineup_position,ka_breidablik_2026_09_06_ma2.json,ka_breidablik_2026_09_06_ma12.json,2026-09-06T22:48:32Z,9zzg49vnaufp7j6yj7pcg6sb9,A. Einarsson,9zzg49vnaufp7j6yj7pcg6sb9,as_supplied_by_opta,,Anton Ari Einarsson,74.19,38.46,,2.0,-0.1838,,,,
775ld4xzdl7jb2eb72nbcles4,2026-09-06,22,Stjarnan,ÍBV,H,2-2,Árni Snær Ólafsson,Á. Ólafsson,7ibfw77zng0sh9dv2h0srauol,12,Goalkeeper,43,7,8,10,,2,4,,11,51,,,,,,,,,,,,,,,,,,,,12,8,,,,6,,,,19,,,,,,,,,,,7,5,1,,35,1,,12,,2,1,1,,,,4,2,,20,18,8,,90,,,,47,,1,1,1,1,,,,,12,12,2,,9,,,8,4,3,7,,,,,6,3,2,3,39,,,,0,,45,9,,,7,18,,,11,,22,63,,,,,,72,,,,,,0,,,,,2.680600,2.680600,1.391300,1.391300,23vg6q15dzr375k6757j06wkq,lineup_position,stjarnan_ibv_2026_09_06_ma2.json,stjarnan_ibv_2026_09_06_ma12.json,2026-09-06T22:48:32Z,7ibfw77zng0sh9dv2h0srauol,Á. Ólafsson,7ibfw77zng0sh9dv2h0srauol,as_supplied_by_opta,,Árni Snær Ólafsson,80.95,50.0,83.33,7.0,-0.6087,,,,
775ld4xzdl7jb2eb72nbcles4,2026-09-06,22,ÍBV,Stjarnan,A,2-2,Ari í Haraldsstovu Petersen,A. Petersen,92h0ymqm9kvcav8rvzftpvq0a,33,Goalkeeper,21,7,11,4,1,2,3,,14,32,,,,,,,,,,,,,,,,,,,,15,5,,,1,13,,,,5,,,,1,,2,1,,,,8,4,1,,28,1,,5,,2,2,,1,,,12,3,,6,21,10,1,90,,,,33,,2,3,1,1,,,,,13,13,,,,,,9,8,1,9,,,,,2,7,3,7,24,1,1,,0,,22,10,1,1,8,22,2,1,10,,25,44,,,,,,61,2,,,,1,0,1,,,,2.705000,2.705000,2.854100,2.854100,3tlx1zjkgrsdky3abrqe2c9c3,lineup_position,stjarnan_ibv_2026_09_06_ma2.json,stjarnan_ibv_2026_09_06_ma12.json,2026-09-06T22:48:32Z,92h0ymqm9kvcav8rvzftpvq0a,A. Petersen,92h0ymqm9kvcav8rvzftpvq0a,as_supplied_by_opta,,Ari í Haraldsstovu Petersen,72.73,56.0,80.0,9.0,0.8541,,,,
